epiweek,AC,RS,BA,SC,TO,RN,CE,RJ,PR,RR,RO,SP,AM,AL,AP,SE,MG,MA,MS,PA,MT,GO,ES,PI,DF,PB,PE
201401,0,0,0,0,0,0,0,0,0,0,0,0,0,0,0,0,0,0,0,0,0,0,0,0,0,0,0
201402,0,0,0,0,1,0,0,0,0,0,0,0,0,0,0,0,0,0,0,0,0,0,0,0,0,0,0
201403,0,0,0,0,0,0,0,0,0,0,0,0,0,0,0,0,0,0,0,0,0,0,0,0,0,0,0
201404,0,0,0,0,0,0,0,0,0,0,0,0,0,0,0,0,0,0,0,0,0,0,0,0,0,0,0
201405,0,0,0,0,0,0,0,0,0,0,0,0,0,1,0,0,0,0,0,0,0,0,0,0,0,0,0
201406,0,0,0,0,0,0,0,0,0,0,0,0,0,0,0,0,0,0,0,0,0,0,0,0,0,0,0
201407,0,0,0,0,0,0,0,0,0,0,0,0,0,0,0,0,0,0,0,0,0,0,0,0,0,0,0
201408,0,0,0,0,0,0,0,0,0,0,0,0,0,0,0,0,0,0,0,0,0,0,0,0,0,0,0
201409,0,0,1,0,0,0,0,0,0,0,0,0,0,0,1,0,0,0,0,0,0,0,0,0,0,0,0
201410,0,0,0,0,0,0,0,0,0,0,0,0,0,0,0,0,0,0,0,0,0,0,0,0,0,0,0
201411,0,0,0,0,0,0,0,0,0,0,0,0,0,0,0,0,0,0,0,0,0,0,0,0,0,0,0
201412,0,0,0,0,0,0,0,0,0,0,0,0,0,0,0,0,0,0,0,0,0,0,0,0,0,0,0
201413,0,0,0,0,0,0,0,0,0,0,0,0,0,0,0,0,0,0,0,0,0,0,0,0,0,0,0
201414,0,0,0,0,0,0,0,0,0,0,0,0,0,0,0,0,0,0,0,0,0,0,0,0,0,0,0
201415,0,0,0,0,0,0,0,0,0,0,0,0,0,0,0,0,0,0,0,0,0,0,0,0,0,0,0
201416,0,0,0,0,0,0,0,0,0,0,0,0,0,0,0,0,0,0,0,0,0,0,0,1,0,0,0
201417,0,0,0,0,0,0,0,0,0,0,0,0,0,0,0,0,0,0,0,0,0,0,0,0,0,0,0
201418,0,0,0,0,0,0,0,0,0,0,0,0,0,0,0,0,0,0,0,0,0,0,0,0,0,0,0
201419,0,0,0,0,0,0,0,0,0,0,0,0,0,0,0,0,0,0,0,0,0,0,0,0,0,0,0
201420,0,0,1,0,0,0,0,0,0,0,0,0,0,0,0,0,0,0,0,0,0,0,0,0,1,0,0
201421,0,0,0,0,0,0,0,0,0,0,0,0,0,0,0,0,0,0,0,0,0,0,0,0,0,0,0
201422,0,0,0,0,0,0,0,0,0,0,0,0,0,0,0,0,0,0,0,0,0,0,0,0,0,0,0
201423,0,0,0,0,0,0,0,0,0,0,0,0,0,0,0,0,0,0,0,0,0,0,0,0,0,0,0
201424,0,0,0,0,0,0,0,0,0,0,0,0,0,0,0,0,0,0,0,0,0,0,0,0,0,0,0
201425,0,0,0,0,0,0,0,0,0,0,0,1,0,0,0,0,0,0,0,0,0,0,0,0,0,0,0
201426,0,0,0,0,0,0,0,0,0,0,0,0,0,0,0,0,0,0,0,0,0,0,0,0,0,0,0
201427,0,0,0,0,0,0,0,0,0,0,0,0,0,0,0,0,0,0,0,0,0,0,0,0,0,0,0
201428,0,0,0,0,0,0,0,0,0,0,0,0,0,0,0,0,1,0,0,0,0,0,0,0,0,0,0
201429,0,0,0,0,0,0,0,0,0,0,0,0,0,0,0,0,0,0,1,0,0,0,0,0,0,0,0
201430,0,0,0,0,0,0,0,0,0,0,0,0,0,0,0,0,0,0,0,0,0,0,0,0,0,0,0
201431,0,0,0,0,0,0,0,0,0,1,0,0,0,0,0,0,0,0,0,0,0,0,0,0,0,0,0
201432,0,0,0,0,0,0,0,0,0,0,0,0,0,0,0,0,0,0,0,0,0,0,0,0,0,0,0
201433,0,0,0,0,0,0,0,0,0,0,0,0,0,0,0,0,0,0,0,0,0,0,0,0,1,0,0
201434,0,0,0,0,0,0,0,0,0,0,0,0,0,0,0,0,0,0,1,0,0,0,0,0,0,0,0
201435,0,0,0,0,0,0,0,0,0,0,0,0,0,0,0,0,0,0,0,1,0,0,0,0,1,0,0
201436,0,0,1,0,0,0,0,0,0,0,0,0,0,0,0,0,0,0,0,0,0,0,0,0,1,0,0
201437,0,0,3,0,0,0,0,0,0,0,0,0,0,0,0,0,0,0,0,0,0,0,0,0,0,0,0
201438,0,0,1,0,0,0,0,0,0,0,0,0,0,0,2,0,0,0,0,0,0,0,0,0,1,0,0
201439,0,0,1,0,0,0,0,0,0,0,0,0,0,0,2,0,0,0,0,0,0,0,0,0,0,0,0
201440,0,0,1,0,0,0,0,0,0,0,0,0,0,0,2,0,0,0,2,0,0,0,0,0,3,0,0
201441,0,0,2,0,0,0,0,0,0,0,0,0,0,0,1,0,0,0,1,0,0,0,0,0,2,0,1
201442,0,0,4,0,0,0,0,0,0,0,0,0,0,0,2,0,0,0,0,0,0,0,0,0,1,0,0
201443,0,0,0,0,0,0,0,0,0,0,0,0,0,0,2,0,0,0,0,0,0,0,0,0,0,0,1
201444,0,0,3,0,0,0,0,0,0,0,0,0,0,0,0,0,0,0,0,0,0,1,0,0,3,0,0
201445,0,0,4,0,0,0,0,0,0,0,0,0,0,0,4,0,1,0,0,0,0,0,0,0,2,0,0
201446,0,0,4,0,0,0,0,1,0,0,0,0,0,1,2,0,0,0,0,0,0,0,0,0,1,0,0
201447,0,0,1,0,0,1,0,0,0,1,1,0,0,2,5,0,0,0,1,0,0,0,0,0,3,0,0
201448,0,0,2,0,1,0,0,0,0,0,0,0,0,2,1,0,0,0,0,0,0,0,0,0,0,0,0
201449,0,0,7,0,0,2,1,1,0,0,0,3,0,4,8,0,0,0,1,0,0,0,0,0,3,0,0
201450,0,0,8,0,2,0,0,0,1,1,0,1,0,13,4,0,0,0,0,1,0,1,0,0,2,0,1
201451,0,0,14,0,0,5,1,0,0,3,0,3,0,13,4,0,1,0,1,2,0,8,0,0,4,0,1
201452,0,0,38,1,0,5,0,2,3,5,0,5,1,22,20,1,0,2,0,0,0,5,0,2,4,0,2
201453,0,0,83,3,3,19,0,2,1,4,0,17,3,24,115,8,0,12,9,3,1,13,0,2,9,0,7
201501,1,3,254,1,2,23,2,2,4,11,1,27,2,27,134,10,3,17,6,0,1,16,0,1,4,0,13
201502,0,17,261,0,4,29,0,0,3,12,0,19,3,88,96,9,4,27,9,6,1,11,0,2,11,0,7
201503,3,0,212,2,2,75,1,3,2,11,1,40,4,98,84,9,4,9,9,3,0,19,0,6,17,1,11
201504,0,0,161,1,0,74,3,1,0,4,1,31,0,132,66,5,4,2,6,2,0,11,0,4,7,1,11
201505,0,0,209,1,0,200,2,1,3,6,1,37,1,136,102,8,1,13,7,5,1,6,0,3,16,1,4
201506,0,0,162,1,1,399,3,1,1,6,2,39,1,70,90,11,7,3,5,3,1,2,0,1,7,0,6
201507,0,1,216,1,3,462,5,0,5,6,1,48,2,49,83,17,5,1,2,8,1,4,1,5,9,0,13
201508,0,0,274,4,0,714,0,2,2,6,1,45,0,33,41,30,4,0,5,4,1,4,0,7,6,1,5
201509,0,0,333,1,2,669,1,1,2,7,0,36,0,9,70,49,1,1,3,3,1,5,0,6,6,0,4
201510,0,0,378,1,0,481,9,1,2,6,0,33,1,1,55,35,4,1,4,3,0,8,0,8,8,0,14
201511,0,0,500,3,2,325,1,3,0,4,1,40,0,1,19,38,9,3,1,6,0,1,0,24,6,4,13
201512,0,5,548,0,1,295,2,2,5,1,0,30,1,2,46,29,1,0,0,2,1,2,0,26,3,1,14
201513,0,0,628,1,3,175,7,2,5,2,0,27,1,2,24,17,3,1,3,1,1,3,1,37,3,0,5
201514,0,1,764,1,3,180,12,6,2,9,1,24,1,1,35,40,6,4,3,5,3,3,2,40,10,0,8
201515,0,3,683,0,4,148,19,1,2,3,0,15,1,2,9,31,3,4,2,1,1,4,0,48,7,1,4
201516,0,2,729,2,4,75,28,3,2,2,1,26,3,1,12,23,1,9,3,8,2,3,0,55,6,4,4
201517,0,3,782,2,3,37,32,1,0,2,4,9,0,3,9,16,4,8,2,5,2,4,0,37,3,2,2
201518,0,0,772,3,3,34,37,3,4,8,1,25,0,5,4,9,13,3,1,8,2,2,3,14,4,1,7
201519,0,1,780,0,8,27,32,1,2,3,2,15,0,1,8,8,9,2,2,9,1,6,3,23,8,1,4
201520,0,1,716,3,9,20,36,2,4,7,0,19,1,2,10,12,4,1,3,8,2,4,1,22,5,3,3
201521,0,1,670,3,11,8,38,2,2,6,1,16,2,3,3,2,0,4,0,9,1,0,1,14,5,1,6
201522,0,0,561,1,4,4,32,6,2,6,0,18,2,3,12,3,6,3,2,7,0,1,1,16,3,2,6
201523,0,2,677,3,8,8,29,3,1,15,1,20,3,2,11,1,2,2,1,14,2,3,1,16,2,0,4
201524,0,1,771,4,10,4,28,4,0,10,2,20,0,9,8,3,4,7,1,11,4,1,1,15,2,2,6
201525,0,0,620,0,19,6,21,0,0,7,1,16,3,6,2,1,3,2,1,11,2,4,2,2,5,0,4
201526,0,0,676,1,8,4,16,1,5,7,0,29,3,12,3,2,1,0,3,11,4,0,2,3,7,0,4
201527,0,0,901,1,8,2,12,3,1,6,0,21,7,10,2,4,2,2,1,8,3,1,0,6,4,2,6
201528,0,0,1011,2,1,1,16,1,3,16,0,28,11,10,1,1,0,2,0,8,3,0,0,0,5,1,4
201529,0,1,869,1,1,2,23,3,9,19,1,26,9,5,3,5,1,0,1,8,6,2,0,0,4,1,13
201530,0,1,768,0,3,3,11,1,3,11,1,22,9,3,5,9,1,1,1,13,9,0,0,0,2,1,13
201531,0,2,604,0,4,2,5,2,2,12,0,17,7,4,6,14,0,2,1,9,15,4,0,0,1,1,30
201532,0,0,496,0,3,4,10,7,2,19,3,19,9,10,9,20,1,6,2,9,14,1,0,0,1,0,49
201533,0,1,437,0,3,3,9,1,0,26,1,12,3,7,2,12,0,2,2,22,6,0,1,0,2,0,49
201534,0,0,368,1,4,5,2,0,3,28,1,14,13,43,2,13,0,3,0,17,17,0,0,0,0,3,40
201535,0,0,366,1,5,2,1,1,0,18,0,10,8,16,4,29,3,1,2,19,13,1,0,0,0,1,171
201536,0,0,377,1,1,8,1,1,1,31,1,7,4,11,1,56,0,3,1,17,10,0,0,0,1,0,211
201537,0,3,423,1,2,6,2,0,1,22,0,14,5,26,2,67,0,2,1,19,5,0,0,0,2,0,193
201538,0,4,449,3,2,5,3,3,3,21,1,13,2,3,3,60,1,5,1,15,1,0,3,1,0,0,142
201539,1,1,394,1,4,5,1,3,3,10,0,20,10,20,1,93,0,7,3,16,3,0,0,0,1,0,226
201540,0,0,434,2,2,5,6,2,3,1,0,7,2,29,3,103,1,13,1,15,10,0,1,0,0,0,270
201541,0,1,334,5,2,5,9,1,0,3,0,20,2,27,1,89,4,7,2,14,4,2,1,0,2,1,183
201542,0,1,449,3,3,7,0,3,3,5,0,22,2,41,0,131,1,31,2,19,2,0,0,0,0,0,132
201543,1,1,449,1,0,6,1,1,2,3,0,25,2,90,1,127,1,34,2,23,2,0,2,0,0,0,154
201544,0,0,586,1,3,9,10,10,0,0,0,25,2,170,4,383,5,65,0,24,3,0,2,1,2,1,196
201545,2,0,601,7,4,21,13,13,4,2,2,33,0,243,2,188,4,7,3,26,3,0,0,0,3,0,436
201546,3,3,685,6,7,14,16,10,6,5,5,47,1,206,1,335,3,13,10,26,4,1,1,0,2,3,432
201547,6,7,818,6,8,19,30,26,10,5,2,47,5,279,1,253,5,40,9,39,13,0,4,3,5,3,538
201548,7,2,654,12,24,29,28,15,6,5,7,54,7,334,5,430,7,58,23,39,33,2,6,0,9,6,717
201549,15,8,533,9,46,32,17,20,13,2,7,67,7,200,2,385,10,60,33,18,44,1,7,1,10,4,1004
201550,19,2,558,12,11,24,19,12,17,4,3,91,5,110,5,188,12,31,19,22,17,2,3,0,5,12,775
201551,9,7,558,19,10,37,19,40,12,1,4,90,3,139,5,93,7,31,19,14,18,4,5,0,8,29,776
201552,7,6,468,16,25,28,15,52,22,4,12,122,8,98,3,101,17,28,7,21,24,2,13,0,13,18,1032
201601,24,21,664,26,50,93,31,78,45,3,23,171,12,217,3,101,28,44,11,27,41,10,3,2,14,18,1812
201602,32,10,867,26,61,68,74,115,67,1,43,183,8,258,4,87,16,93,12,26,85,4,5,2,26,18,1946
201603,41,16,942,24,58,84,35,113,66,0,30,145,10,302,3,145,28,134,9,37,72,7,7,4,25,38,2020
201604,43,10,1395,27,42,160,50,158,83,1,88,176,28,314,3,227,31,83,17,48,97,5,3,2,30,26,2341
201605,64,12,2449,26,59,451,78,218,68,4,92,219,33,343,7,369,43,91,29,30,90,15,7,9,37,95,3027
201606,78,24,3572,42,67,847,86,192,94,3,115,262,41,349,17,470,52,113,12,47,106,19,12,5,60,123,4271
201607,63,26,5220,56,113,1215,195,270,132,6,142,255,27,666,30,598,116,213,13,51,107,12,10,7,74,305,4236
201608,41,17,5500,54,74,1413,210,257,196,2,152,216,13,485,26,641,100,253,9,43,118,14,12,16,65,317,4362
201609,68,22,5197,45,74,1882,349,488,282,4,119,255,19,408,18,751,77,328,13,43,104,11,15,26,66,607,3408
201610,65,28,4414,49,58,1673,516,558,212,2,127,217,15,490,18,586,102,530,6,28,79,10,16,13,42,764,2862
201611,62,22,3934,35,28,1956,604,680,185,8,74,210,19,412,20,482,115,632,9,30,69,15,9,24,41,752,1859
201612,70,32,3191,29,27,1633,709,1287,137,3,93,180,19,517,19,498,101,615,8,24,74,8,12,37,40,886,1419
201613,58,19,2735,32,35,1616,1043,2314,131,4,88,168,17,615,28,700,99,853,10,35,63,16,11,82,48,1096,1534
201614,57,42,2211,24,35,1370,1326,2752,78,1,83,147,40,556,24,621,79,934,4,58,46,14,8,153,43,1061,1425
201615,54,23,1763,8,34,1353,1438,3157,55,6,55,128,36,570,15,397,73,1159,6,46,52,7,7,171,39,975,1142
201616,47,17,1172,8,32,1175,1988,2819,49,1,29,98,25,601,14,589,56,1182,5,51,24,9,14,221,18,1010,1142
201617,18,16,921,10,42,1228,2150,2932,22,0,15,81,40,705,11,427,41,1248,3,56,20,4,12,191,27,1148,839
201618,5,10,796,1,52,1093,2231,2532,13,1,6,57,28,713,4,271,35,1371,0,122,11,5,8,194,21,1206,670
201619,6,4,776,4,44,945,2402,2439,12,1,4,38,15,756,7,169,19,731,1,96,10,4,5,190,8,1221,684
201620,3,2,569,3,30,988,2224,1865,16,2,1,27,16,772,3,169,9,546,2,112,10,4,4,144,9,1038,599
201621,3,0,489,3,27,659,2352,1387,3,0,5,15,12,805,4,163,16,318,0,71,1,2,1,90,4,977,507
201622,12,3,576,1,39,608,2632,1319,4,0,2,23,18,724,6,164,11,278,1,65,2,2,6,83,9,874,418
201623,13,2,453,0,36,581,2655,976,10,0,4,19,6,786,8,179,2,264,0,55,0,2,2,85,4,932,457
201624,4,3,307,1,28,524,2318,779,2,0,5,15,6,787,5,131,6,143,1,100,2,1,3,97,1,645,400
201625,5,2,192,1,33,360,1856,587,2,0,7,25,6,588,8,63,4,163,1,98,2,2,3,78,3,532,336
201626,0,0,164,0,33,370,1701,557,3,1,2,21,2,486,9,98,3,114,0,74,3,0,6,82,3,458,274
201627,1,1,154,0,27,305,1464,533,1,1,4,14,4,535,6,78,5,103,0,82,0,5,3,58,7,381,262
201628,0,5,159,0,12,285,1346,428,2,1,5,14,6,399,4,66,7,87,1,98,4,0,2,42,4,328,263
201629,1,1,144,1,11,224,1097,341,4,0,5,9,9,340,3,44,1,64,0,104,2,1,1,33,2,287,229
201630,1,4,132,2,4,180,966,266,6,2,2,10,4,288,8,74,1,61,1,79,1,1,1,30,1,232,202
201631,2,3,108,4,4,184,807,214,2,0,2,14,5,264,6,68,2,67,3,103,2,2,3,35,2,193,187
201632,1,0,126,2,3,143,626,182,0,0,4,7,0,229,9,82,0,49,0,124,2,0,3,24,0,148,181
201633,2,0,100,0,0,118,570,185,3,0,1,11,4,246,10,65,0,49,1,174,2,1,3,39,3,133,161
201634,0,4,76,1,2,130,482,83,3,1,3,13,3,147,3,44,1,23,0,86,0,0,1,9,2,89,136
201635,1,3,54,2,5,106,393,100,3,2,4,6,2,80,2,43,1,25,1,53,0,0,2,8,0,53,102
201636,1,0,76,0,6,107,297,110,2,2,5,10,2,74,4,44,1,26,1,74,3,1,2,5,2,34,97
201637,1,0,78,1,13,88,289,78,1,0,1,8,8,77,4,30,2,18,0,61,0,1,2,13,6,48,97
201638,0,0,83,1,4,63,218,86,3,2,6,11,8,80,1,25,3,6,1,81,1,0,0,16,5,30,96
201639,2,2,68,0,4,44,213,52,1,0,2,11,9,70,8,33,4,3,0,55,1,1,1,11,0,17,89
201640,0,0,66,0,2,46,201,72,3,0,1,6,1,62,12,27,4,9,2,81,2,0,0,5,0,17,91
201641,1,2,108,2,7,27,208,72,6,0,3,11,8,42,12,17,1,17,2,95,3,1,6,1,1,14,61
201642,0,1,96,0,11,28,231,80,1,1,4,7,7,19,7,21,2,32,1,77,3,1,1,10,1,15,72
201643,0,0,98,0,1,23,187,71,3,0,3,7,8,36,4,34,2,3,0,75,0,0,1,5,3,12,58
201644,2,3,99,1,9,32,250,69,5,2,2,17,5,27,8,37,3,12,2,84,2,0,4,2,4,12,51
201645,2,2,126,0,6,12,300,85,2,0,5,19,10,22,3,14,8,22,1,63,0,1,6,5,4,10,40
201646,2,2,140,1,11,22,451,55,7,2,6,17,10,23,6,14,4,6,0,52,1,1,0,2,2,4,57
201647,4,0,101,1,5,19,512,100,4,3,3,22,6,13,4,16,5,17,1,59,2,2,2,3,4,6,40
201648,3,0,99,1,5,24,313,89,6,0,6,33,14,14,1,3,8,13,2,51,5,3,3,6,3,6,45
201649,3,0,111,2,9,13,227,110,7,2,9,31,17,26,3,7,14,69,0,105,5,1,3,3,1,7,52
201650,1,1,116,1,12,4,182,109,3,2,7,33,13,22,1,10,7,20,0,132,8,0,2,4,3,4,48
201651,2,3,116,0,10,11,136,82,10,3,7,36,8,14,1,8,28,29,0,178,15,2,5,2,2,12,59
201652,2,5,137,1,20,19,90,70,6,3,9,27,7,19,1,14,38,18,0,68,17,4,6,5,4,15,53
201701,4,0,318,3,41,38,244,148,4,4,8,40,6,20,5,30,91,40,3,204,36,9,21,7,4,9,34
201702,2,3,423,2,69,33,283,135,3,7,12,41,6,19,2,17,110,59,3,284,29,5,12,12,5,17,46
201703,4,0,590,1,158,29,382,149,9,7,13,35,15,20,1,13,157,85,0,417,61,6,19,12,1,14,38
201704,10,0,507,1,108,28,419,189,4,17,17,28,9,16,0,17,209,107,1,711,77,6,12,12,8,21,26
201705,1,3,428,0,125,29,577,148,13,19,10,25,11,20,1,24,327,198,3,855,82,8,34,14,6,21,33
201706,5,0,464,1,108,36,779,147,5,26,14,21,14,15,5,16,509,196,2,467,91,9,32,11,1,22,45
201707,1,3,353,2,70,37,865,128,2,36,14,16,8,2,4,15,749,221,0,321,91,5,22,13,2,21,43
201708,3,1,262,0,85,53,989,97,5,28,7,19,10,4,1,8,860,273,0,362,108,2,34,28,2,25,31
201709,3,6,324,3,81,60,1557,114,5,38,5,25,9,8,7,5,1241,382,0,336,114,2,33,30,2,16,33
201710,4,2,322,0,126,48,2185,133,6,44,11,22,21,6,3,8,1422,305,1,335,184,7,37,27,2,22,39
201711,3,4,452,2,119,42,3260,114,5,37,6,23,14,6,6,6,1471,336,4,396,167,6,45,44,1,26,47
201712,2,2,316,1,117,38,4040,99,4,38,4,21,13,17,8,12,1658,434,2,266,164,6,37,74,10,27,38
201713,1,5,231,2,135,36,6463,116,14,22,5,24,19,17,4,18,1201,266,1,277,245,6,40,96,1,25,35
201714,2,2,238,4,115,40,7622,118,5,53,1,15,9,8,4,18,1076,329,1,280,185,3,29,107,3,29,40
201715,1,3,170,1,114,43,9018,115,5,52,3,20,10,12,4,14,784,308,3,191,141,2,27,120,3,33,26
201716,3,3,158,0,121,34,10207,101,3,65,0,25,5,13,11,26,618,442,0,207,148,3,30,142,2,30,43
201717,1,3,147,0,128,33,8954,116,4,56,1,24,5,13,8,22,453,263,1,153,133,2,34,189,4,20,41
201718,2,1,141,0,143,53,10774,153,2,99,0,18,5,12,7,38,352,298,5,163,157,12,22,247,4,36,58
201719,7,1,192,8,135,36,9404,115,2,100,2,12,4,5,6,27,310,246,3,111,169,7,25,287,4,41,61
201720,3,1,215,2,133,42,8625,134,5,137,2,17,5,6,8,18,242,197,2,194,138,8,24,397,8,44,56
201721,2,2,186,2,130,51,6084,112,1,227,3,18,2,13,8,2,208,158,1,137,79,6,25,357,1,72,33
201722,3,1,219,0,129,77,5052,131,4,182,0,16,2,6,11,4,202,132,1,125,67,4,21,401,5,82,37
201723,3,1,289,1,113,64,3687,133,0,233,4,7,1,13,12,2,230,121,1,114,75,2,17,353,3,94,34
201724,4,0,334,0,69,80,2540,104,2,195,0,14,1,11,8,1,235,103,2,83,55,0,19,343,7,69,33
201725,0,0,189,1,65,88,2018,112,1,187,6,18,1,12,8,3,242,102,3,108,69,2,16,417,3,71,34
201726,3,0,205,1,54,57,1592,108,2,208,2,14,1,11,9,4,198,67,0,93,59,0,13,350,2,66,45
201727,1,1,153,0,44,41,1296,107,0,198,2,9,2,15,4,1,130,76,3,76,34,1,7,353,6,58,38
201728,1,1,131,2,24,68,945,144,2,240,6,13,1,13,7,5,125,77,0,78,39,2,7,318,0,52,45
201729,1,0,130,2,32,61,804,85,0,305,3,13,3,11,6,4,107,60,2,74,23,3,7,271,3,36,52
201730,0,1,95,1,22,49,638,93,1,367,0,16,5,8,3,3,85,35,1,89,22,2,7,212,4,48,49
201731,2,1,86,0,23,54,553,94,3,241,4,14,1,8,8,4,58,34,2,93,18,0,8,209,1,50,50
201732,1,2,77,0,19,67,390,116,1,183,3,12,3,9,5,3,50,49,0,101,18,3,11,179,1,60,55
201733,0,0,82,0,19,61,324,56,0,115,1,14,3,12,2,2,36,35,5,57,19,0,5,165,0,46,53
201734,1,0,77,0,15,46,229,38,4,51,2,11,1,9,3,2,45,47,1,68,12,2,6,118,1,51,42
201735,1,0,67,0,5,49,152,45,0,49,2,7,2,3,5,4,27,32,4,64,8,2,9,65,1,36,35
201736,0,2,48,0,6,21,134,33,0,16,1,12,1,5,1,2,24,22,3,55,6,0,5,54,0,33,34
201737,1,1,52,0,6,29,119,49,3,18,3,12,1,7,5,4,42,24,4,48,7,1,10,71,3,50,44
201738,0,3,39,0,11,31,105,37,4,17,3,18,2,3,5,9,24,20,2,54,13,0,4,50,2,25,49
201739,2,0,33,0,7,26,100,37,4,13,1,15,0,4,1,1,17,15,7,40,6,1,4,34,0,22,21
201740,2,0,23,0,5,20,92,39,2,9,2,15,0,6,2,3,23,12,2,27,3,2,5,34,2,21,25
201741,4,0,22,1,3,24,59,28,2,16,0,18,0,5,1,5,25,12,7,25,9,1,2,31,2,22,26
201742,2,1,16,2,7,16,59,43,2,12,2,16,0,3,3,3,32,13,10,39,9,4,3,14,1,21,27
201743,0,1,16,4,8,21,53,24,3,7,2,16,1,1,2,0,18,21,10,49,9,0,4,11,3,18,26
201744,1,0,20,0,6,20,71,38,2,3,1,15,1,2,3,1,28,10,3,42,11,2,9,21,1,18,14
201745,3,1,23,0,3,14,70,22,3,4,2,17,2,2,2,1,25,20,7,81,15,3,6,15,3,11,16
201746,0,0,23,1,5,20,60,35,5,6,1,25,2,3,0,0,32,22,9,62,18,2,8,21,1,20,22
201747,0,2,26,1,6,18,48,42,2,4,1,22,1,2,0,1,34,21,17,40,22,3,2,10,3,22,24
201748,1,0,43,1,6,11,45,26,2,1,3,28,1,2,0,1,26,6,6,73,28,0,4,10,0,9,19
201749,2,1,29,0,5,19,49,59,1,2,5,19,1,5,3,1,30,7,1,67,27,1,4,17,0,16,25
201750,1,1,17,1,7,13,49,89,3,2,4,21,0,6,2,0,46,7,1,57,38,1,4,16,2,15,24
201751,2,0,19,3,2,15,31,75,2,2,0,23,0,3,1,1,54,11,5,42,107,6,4,11,1,14,8
201752,2,0,15,1,2,16,19,74,0,2,1,22,0,3,0,1,73,13,5,39,192,0,4,11,1,8,18
201801,2,1,33,1,6,15,35,156,5,1,2,26,1,3,4,0,100,22,5,62,535,1,15,20,2,10,16
201802,2,2,45,0,6,12,41,160,5,1,3,18,0,2,3,0,174,29,3,63,694,6,8,12,1,29,20
201803,6,1,54,0,7,18,48,296,1,0,3,13,1,1,3,0,249,27,3,79,1006,1,9,13,1,8,15
201804,1,1,41,2,7,15,47,253,9,1,1,11,0,5,4,1,188,19,6,94,1305,4,5,20,0,9,13
201805,5,1,54,4,3,20,48,323,6,0,3,16,1,4,4,1,188,9,7,157,1251,9,6,20,1,7,13
201806,3,0,32,3,9,15,45,349,6,0,2,13,0,0,9,0,127,7,3,170,1114,5,6,14,2,7,18
201807,5,3,52,2,4,15,47,406,5,1,1,8,1,4,2,0,137,15,6,167,769,8,9,15,1,19,8
201808,8,1,63,2,9,25,52,645,3,0,0,14,3,1,0,2,260,18,3,207,921,10,7,11,2,12,18
201809,3,1,92,1,4,32,78,899,4,1,2,8,0,7,5,0,266,22,8,225,928,2,13,15,0,23,11
201810,6,2,117,2,12,62,61,1109,17,0,3,7,0,3,2,0,459,14,17,244,773,2,5,15,1,25,22
201811,3,1,149,0,7,71,70,1352,7,1,2,17,0,2,7,2,700,24,11,238,660,1,14,17,4,22,20
201812,1,2,133,1,4,37,49,1595,2,0,0,11,5,0,1,0,718,15,22,244,454,9,13,10,4,23,19
201813,3,3,125,1,6,35,46,1605,4,1,1,10,3,2,4,0,692,17,10,179,345,11,12,14,1,17,18
201814,1,2,131,2,6,35,76,1897,6,1,3,11,1,5,5,2,1053,27,17,197,424,5,17,15,1,53,41
201815,2,3,98,0,6,32,79,1890,3,1,1,14,1,5,10,1,1085,21,9,207,317,3,11,9,5,15,39
201816,1,0,102,2,9,39,69,1835,0,0,2,10,0,5,10,1,939,28,22,217,268,3,12,20,0,17,42
201817,1,3,90,0,7,48,41,1638,1,0,2,13,0,2,8,0,750,28,5,147,237,5,9,16,0,17,33
201818,2,6,122,1,10,71,37,2009,4,2,1,9,2,0,4,3,793,29,6,238,205,11,18,30,2,45,40
201819,1,1,139,2,9,81,25,1831,2,1,2,11,5,3,14,2,737,34,8,196,187,3,24,25,3,41,59
201820,0,0,152,1,2,55,35,1863,0,0,1,9,0,0,3,1,537,35,4,185,120,5,20,13,3,28,38
201821,1,3,179,0,10,54,34,1391,1,1,2,7,4,1,3,5,258,22,5,183,96,5,27,1,1,30,16
201822,2,3,156,0,4,52,28,1210,2,0,4,10,0,1,6,3,162,11,9,175,90,5,13,18,1,25,23
201823,4,2,190,0,2,55,24,1294,0,0,1,9,5,6,1,0,163,12,2,178,54,2,33,14,1,39,27
201824,3,0,171,1,4,68,29,1206,1,0,2,17,0,9,2,1,148,9,2,156,74,0,23,13,0,40,27
201825,4,1,107,1,2,58,31,982,0,2,1,13,0,2,1,0,114,14,3,132,52,3,23,13,0,47,12
201826,2,0,72,1,4,74,13,1070,1,0,0,8,0,1,3,0,81,7,3,163,30,1,26,12,0,38,15
201827,3,0,62,1,1,108,27,1073,0,1,1,10,1,7,4,0,83,8,2,120,36,2,26,25,0,38,25
201828,2,0,64,1,5,112,26,954,2,0,1,12,2,8,3,0,65,7,2,131,17,0,21,36,1,40,16
201829,4,0,67,0,4,143,23,843,2,0,0,5,0,7,2,2,46,4,4,108,29,0,19,19,0,22,27
201830,5,1,67,2,2,118,20,684,0,0,1,8,2,9,3,0,34,8,0,131,21,2,24,16,1,23,20
201831,5,3,102,0,2,78,13,547,1,0,2,6,4,9,7,0,48,9,1,194,17,0,15,21,1,18,22
201832,5,1,100,3,5,63,18,478,0,2,0,10,5,5,7,1,38,11,1,169,21,1,10,10,0,15,22
201833,8,1,96,0,5,43,17,482,0,0,1,10,0,7,1,0,15,9,1,179,16,2,21,10,3,14,24
201834,4,0,96,3,4,48,15,369,0,1,1,17,4,4,3,1,20,5,3,203,13,0,15,6,2,15,17
201835,2,1,56,0,2,35,13,332,0,1,0,17,2,7,6,1,27,3,2,169,10,1,9,7,5,17,23
201836,6,0,38,0,4,50,13,240,1,0,2,11,1,4,1,0,17,8,6,172,14,0,6,7,4,15,17
201837,2,0,46,1,1,49,10,266,1,0,1,16,1,5,1,1,14,9,6,177,7,0,8,5,4,18,14
201838,10,1,33,3,0,35,11,243,1,0,1,17,2,2,1,1,18,6,4,121,11,1,13,5,1,9,25
201839,6,0,32,0,1,10,6,281,1,2,0,17,2,3,4,0,10,1,6,105,3,1,10,10,0,10,12
201840,14,0,26,0,6,11,7,316,1,1,0,22,0,1,4,1,19,8,3,107,11,3,7,6,1,11,20
201841,14,1,20,1,2,12,9,281,0,3,0,11,2,4,3,0,17,5,2,113,10,4,9,2,1,10,18
201842,17,0,15,0,2,23,14,272,1,2,0,17,1,3,2,0,13,7,2,118,12,6,7,8,1,9,13
201843,19,0,18,0,2,8,8,297,1,1,0,17,1,2,1,1,17,3,6,97,7,5,4,5,1,7,11
201844,26,0,7,1,4,9,11,262,1,1,1,17,0,4,2,0,16,7,1,122,10,5,6,10,0,11,16
201845,15,0,11,0,5,9,10,279,2,1,1,14,0,7,3,0,12,9,3,111,18,4,4,3,1,4,15
201846,13,0,17,0,2,14,9,247,0,0,0,13,3,3,1,1,19,1,2,110,16,1,8,4,1,6,20
201847,6,0,19,0,1,14,12,290,0,0,0,17,0,7,3,0,24,4,1,87,17,4,6,0,1,5,15
201848,7,0,11,2,10,7,10,365,1,0,0,17,0,7,2,0,21,5,1,87,12,3,6,3,1,9,20
201849,3,0,11,0,10,11,10,395,5,1,0,18,1,1,1,1,27,4,4,86,28,5,4,2,1,8,19
201850,8,0,17,0,14,13,7,470,0,1,0,17,0,2,1,0,19,2,3,77,22,2,8,3,1,6,18
201851,8,0,8,2,2,13,8,370,1,1,0,5,0,2,1,0,16,3,0,59,10,0,7,4,2,3,11
201852,2,1,6,1,2,6,5,208,1,0,0,4,1,1,0,0,6,3,0,42,2,3,1,2,0,4,4
201901,4,2,31,1,5,17,10,917,3,0,0,11,2,4,2,1,29,11,6,126,9,0,18,5,3,15,22
201902,13,0,41,1,4,14,15,922,5,0,1,26,4,2,0,0,38,23,2,134,19,2,9,3,2,13,17
201903,14,1,31,1,7,16,25,900,0,0,0,25,0,4,1,1,53,15,4,130,12,0,7,8,2,10,15
201904,5,0,31,2,8,15,16,903,3,0,0,30,1,7,1,1,72,7,3,176,14,1,15,13,2,11,22
201905,4,2,35,3,4,19,18,773,4,0,1,34,1,2,1,0,68,4,1,212,13,0,15,4,5,21,25
201906,5,3,39,5,11,9,24,958,2,0,2,32,1,9,1,2,64,8,5,198,14,4,10,12,4,12,41
201907,4,0,43,1,11,17,34,958,2,0,2,24,7,9,3,0,67,11,4,242,11,4,13,7,3,16,39
201908,5,1,49,1,7,19,27,914,3,0,8,25,2,9,1,2,56,15,7,192,12,4,6,19,6,29,30
201909,0,0,35,1,10,28,27,903,4,0,2,26,0,9,1,0,76,18,5,156,6,5,7,3,10,12,39
201910,0,3,30,3,9,40,39,1121,4,0,3,35,3,15,0,0,46,35,6,172,10,2,14,7,7,27,29
201911,0,1,44,5,14,78,35,1710,7,1,9,35,0,14,4,0,94,71,9,176,16,3,19,22,6,18,40
201912,1,2,39,0,13,97,31,2316,10,0,8,47,5,11,4,1,55,53,10,129,21,2,13,43,9,35,44
201913,0,3,59,2,5,72,39,2798,11,0,6,44,2,17,2,0,85,38,6,72,19,1,31,41,10,36,30
201914,0,1,83,1,9,127,52,4167,12,0,3,48,0,12,1,0,102,39,12,95,23,7,20,38,6,43,43
201915,0,3,89,6,4,160,66,4336,9,0,3,41,3,23,1,0,118,36,7,81,24,0,25,45,10,56,74
201916,0,0,159,3,3,198,62,4835,11,0,6,53,1,27,1,0,136,34,4,73,19,5,32,40,4,53,58
201917,0,2,99,1,9,194,62,5048,12,1,1,43,0,21,0,0,130,35,7,91,13,2,38,67,7,60,80
201918,0,3,150,7,13,381,65,6198,17,0,3,54,1,58,0,0,133,27,9,85,22,9,87,52,10,99,86
201919,0,1,210,4,5,481,68,6532,15,1,4,61,6,69,0,0,147,26,7,87,18,3,96,58,9,42,81
201920,0,9,201,6,4,491,56,5839,6,1,3,42,3,60,0,2,136,18,1,70,21,8,85,56,10,49,84
201921,0,5,442,7,1,607,58,4883,4,1,0,42,7,77,0,3,154,35,2,48,15,6,79,44,10,46,83
201922,1,3,462,7,2,608,40,4467,6,1,0,48,6,73,0,1,104,21,2,47,6,3,62,30,12,67,72
201923,1,2,511,4,2,575,34,3601,10,2,0,34,6,91,0,0,91,17,4,63,13,3,63,34,17,48,76
201924,0,0,492,7,5,524,48,3086,2,0,0,19,5,74,0,6,66,9,5,52,11,3,64,20,8,44,76
201925,0,5,469,0,4,577,47,2576,4,0,0,17,1,95,1,9,61,16,2,36,13,2,65,24,5,35,53
201926,0,2,483,3,4,590,23,2324,4,1,0,20,0,89,0,4,48,11,3,67,10,2,62,21,3,28,80
201927,0,2,584,0,1,757,21,2615,3,1,0,10,3,118,1,5,48,8,2,68,7,4,69,32,1,43,69
201928,2,0,616,4,0,713,18,1606,3,1,1,22,1,120,0,15,30,5,6,50,5,0,48,20,3,44,63
201929,0,1,584,1,1,734,6,1284,0,1,4,9,0,115,0,18,30,6,0,39,7,3,49,23,3,22,54
201930,0,1,392,2,0,589,16,981,1,2,1,21,1,76,1,15,11,5,2,25,4,2,23,10,1,17,58
201931,0,3,344,4,2,554,16,864,1,0,0,15,0,66,1,17,21,5,1,31,2,0,41,7,3,33,43
201932,0,2,312,1,1,589,13,643,3,4,2,5,2,68,0,20,17,4,1,25,6,0,32,7,2,46,59
201933,0,1,320,1,0,512,16,573,5,0,0,11,1,48,0,17,13,13,1,18,2,1,23,7,0,36,56
201934,0,2,259,1,2,490,23,369,1,0,0,12,0,39,0,21,23,8,0,21,4,2,22,5,0,22,61
201935,0,0,295,0,0,371,12,303,1,1,3,14,0,33,0,11,23,4,1,19,1,0,12,5,1,50,53
201936,0,0,269,0,0,438,10,350,2,1,1,9,1,30,1,15,14,2,1,34,3,0,23,3,4,26,72
201937,0,2,236,1,1,353,6,267,0,1,1,10,2,49,0,15,23,5,0,12,3,0,14,0,2,23,73
201938,0,0,215,1,0,253,10,258,1,2,0,12,2,24,0,17,22,4,0,7,4,0,16,3,1,23,70
201939,0,1,150,1,1,201,12,167,1,0,2,7,1,12,0,11,23,0,3,12,2,0,12,6,0,24,47
201940,0,1,177,1,1,207,17,264,0,2,1,11,1,20,0,9,12,8,2,12,3,1,15,4,0,46,81
201941,0,1,229,1,0,198,14,285,3,0,0,12,2,16,0,7,6,6,1,10,1,0,23,2,2,26,52
201942,0,2,193,1,0,201,7,263,2,3,1,13,0,9,0,10,17,5,0,8,5,0,17,6,0,45,62
201943,0,0,202,1,1,163,5,201,2,1,4,9,0,7,0,10,9,7,1,19,9,1,28,3,2,48,44
201944,0,1,236,1,0,76,5,167,1,2,2,10,1,3,1,9,12,3,3,8,11,1,22,2,0,41,40
201945,2,1,198,2,0,81,3,188,3,2,2,11,0,2,0,7,12,2,1,6,10,1,25,5,1,24,47
201946,0,0,166,0,4,52,4,176,1,2,1,9,0,6,0,7,14,1,1,10,5,1,16,7,0,19,39
201947,0,1,221,2,1,59,12,191,4,2,3,18,0,3,0,4,11,4,1,9,8,1,18,4,3,23,43
201948,1,0,162,0,1,47,4,199,3,3,5,9,0,1,0,4,14,3,0,8,5,0,27,6,5,17,35
201949,3,0,165,3,0,37,13,217,5,0,5,12,1,4,0,3,15,3,1,12,6,1,29,1,0,21,23
201950,2,0,156,1,1,26,3,227,3,0,2,11,1,2,0,2,23,1,4,14,8,3,110,2,6,15,18
201951,1,0,126,4,4,28,1,212,2,0,3,7,0,1,0,4,11,2,2,10,7,0,177,3,0,12,25
201952,1,0,138,1,0,27,4,169,4,0,0,10,2,1,0,1,13,1,2,12,5,1,288,3,0,20,11
202001,0,1,169,1,2,57,5,297,4,0,1,13,0,1,1,5,18,3,2,12,10,0,299,2,0,15,22
202002,1,1,220,3,1,45,6,297,8,0,2,15,0,1,1,1,34,7,14,22,10,0,357,1,2,20,29
202003,1,2,214,2,2,36,7,290,5,1,1,13,1,0,0,1,41,11,6,16,14,0,424,6,0,26,13
202004,2,0,252,3,1,31,14,250,9,0,3,4,2,3,2,0,37,5,13,14,17,0,436,5,1,14,21
202005,2,0,283,1,1,30,18,316,14,0,5,18,0,1,1,1,59,5,11,26,17,0,400,2,1,6,33
202006,0,1,353,4,3,54,16,217,25,0,3,15,0,1,0,1,51,14,22,26,14,3,372,3,2,11,35
202007,4,0,444,1,0,46,13,264,33,0,12,19,0,0,0,2,67,15,13,20,18,3,371,8,2,14,38
202008,2,3,447,3,4,61,25,226,30,0,2,14,1,1,1,0,54,7,4,21,12,0,349,6,1,6,22
202009,0,3,609,6,2,63,24,189,36,1,1,12,0,2,0,2,52,9,9,23,8,4,284,6,3,10,24
202010,2,3,742,5,4,101,46,218,34,1,4,30,0,2,0,4,68,9,15,33,21,1,426,11,6,14,40
202011,1,2,799,3,2,116,33,140,33,0,3,21,0,1,0,9,60,8,11,27,16,3,250,7,5,17,41
202012,0,3,603,0,0,68,16,75,18,0,2,9,0,2,0,6,59,2,5,20,22,1,230,6,1,14,19
202013,0,3,694,1,1,53,15,50,10,0,6,13,0,3,0,3,62,8,4,7,16,0,102,2,1,11,20
202014,0,1,1021,1,2,92,15,52,13,0,2,14,0,0,0,4,79,6,5,5,11,4,29,1,4,10,24
202015,0,3,1476,2,2,104,24,43,10,0,7,10,3,5,0,2,101,5,1,11,15,0,1,3,4,12,16
202016,1,0,1903,2,2,136,26,55,10,1,1,8,0,4,0,6,120,9,4,12,10,0,0,6,4,19,19
202017,0,0,2025,2,1,178,35,50,11,0,1,8,0,6,0,14,116,8,4,5,7,2,0,7,4,27,26
202018,0,0,2257,1,0,138,35,38,9,0,1,16,1,5,0,10,151,5,2,5,13,2,0,5,4,36,38
202019,1,2,2660,2,3,198,29,55,13,0,4,13,0,10,0,8,136,0,2,3,12,0,0,5,14,21,40
202020,3,3,2675,2,0,226,34,43,6,0,1,22,1,7,0,29,131,3,5,0,7,0,0,13,2,29,75
202021,2,2,2433,3,1,179,37,28,7,0,2,9,1,2,0,38,100,4,1,3,8,4,0,13,5,34,76
202022,3,1,2422,2,1,240,19,29,2,0,3,8,1,1,0,50,78,4,0,1,11,1,0,1,8,56,77
202023,1,0,2195,4,0,210,38,28,3,0,1,11,2,3,0,67,67,3,4,5,8,2,0,12,3,55,132
202024,1,0,1993,2,1,234,19,23,2,1,2,12,0,4,0,97,58,3,0,4,8,1,0,8,7,70,147
202025,1,0,1700,5,0,323,24,18,3,0,3,9,0,5,0,129,51,5,2,3,5,2,0,3,1,87,208
202026,0,0,1296,10,2,275,22,7,3,0,0,7,3,2,0,142,53,1,1,2,1,0,0,0,0,96,217
202027,1,1,1394,2,0,308,36,24,1,0,0,15,0,2,0,203,35,1,1,5,1,2,0,1,2,125,320
202028,2,1,1203,2,0,263,44,26,2,0,0,13,1,6,0,251,33,2,3,4,1,4,0,5,5,119,282
202029,3,1,1020,1,0,206,32,27,2,0,0,4,0,2,0,242,28,3,0,1,2,0,0,1,3,117,291
202030,5,0,801,1,0,222,36,18,0,0,1,5,1,9,0,278,31,2,2,2,1,1,0,3,5,83,331
202031,1,1,622,1,1,166,38,16,1,0,1,14,2,9,0,225,23,2,0,2,1,0,0,4,2,87,240
202032,1,0,406,1,2,190,39,16,1,0,1,2,0,6,0,291,21,2,0,4,1,0,0,1,2,80,234
202033,0,0,394,0,1,131,37,17,2,0,1,4,2,7,0,225,20,5,1,3,2,2,0,4,1,86,240
202034,0,0,278,4,0,87,29,14,3,0,1,8,1,9,0,174,13,3,1,1,4,2,0,0,4,69,211
202035,0,0,274,1,2,77,22,9,1,1,0,7,0,5,0,161,22,3,1,1,2,0,0,0,4,52,202
202036,1,0,197,0,0,59,18,13,3,0,0,7,0,4,0,195,21,2,1,2,1,0,0,1,2,35,159
202037,0,1,174,0,1,52,20,20,2,0,1,9,0,4,0,142,20,1,1,9,1,1,0,0,1,50,173
202038,0,0,169,1,0,43,12,11,0,0,3,3,0,1,0,118,24,2,0,2,0,0,0,1,0,39,157
202039,1,0,167,0,0,36,11,7,1,1,1,8,0,3,0,140,33,3,0,1,0,0,0,4,3,32,151
202040,0,2,152,2,1,27,19,19,1,0,1,2,1,2,0,107,27,2,1,3,0,1,0,3,3,22,142
202041,0,1,155,0,1,36,10,11,2,1,0,6,0,6,0,90,40,2,1,1,1,0,0,1,2,26,127
202042,0,0,198,2,0,27,6,13,2,1,0,3,1,4,0,64,37,0,0,2,0,0,0,2,3,22,92
202043,1,1,162,0,0,22,6,14,2,0,0,6,0,3,0,52,29,0,2,2,0,0,0,2,1,22,119
202044,0,2,141,1,0,18,12,6,14,0,0,6,1,2,0,41,31,2,1,1,0,0,0,0,0,19,81
202045,1,0,151,1,0,12,5,11,8,0,3,7,1,2,0,47,37,1,2,1,0,0,0,1,1,19,83
202046,1,0,131,2,0,15,8,30,0,0,0,11,0,1,2,26,55,0,2,2,0,0,0,2,5,11,53
202047,5,0,98,0,0,15,10,14,3,0,1,9,0,1,0,12,93,3,1,2,2,1,0,3,1,21,75
202048,1,1,113,0,1,14,6,14,3,0,8,10,0,0,0,23,128,0,2,2,1,0,0,0,0,18,50
202049,0,0,117,0,2,15,5,15,1,0,2,15,2,1,0,24,176,2,3,2,1,1,0,2,3,20,29
202050,1,0,54,1,1,13,10,8,1,1,5,9,2,1,0,21,182,1,0,5,0,0,0,1,2,13,45
202051,2,0,66,1,0,9,7,4,3,0,2,13,0,1,0,15,181,0,1,0,0,0,0,1,1,11,34
202052,1,0,46,1,0,5,2,1,0,0,0,15,2,0,0,3,72,3,0,1,0,2,0,0,0,2,23
202053,0,0,23,1,0,6,2,3,0,0,0,4,0,0,0,2,32,0,0,0,1,1,0,0,0,1,8
202101,8,0,143,3,1,7,7,10,0,0,1,65,2,1,1,14,118,3,1,5,1,2,0,2,2,43,58
202102,25,0,183,2,2,12,6,10,2,0,3,89,1,0,2,10,138,3,4,3,3,0,0,5,1,45,63
202103,14,0,192,4,1,12,4,9,3,1,2,181,0,0,2,20,84,4,3,2,3,1,0,3,1,64,77
202104,12,1,201,5,0,16,13,5,1,0,3,237,1,0,1,18,68,1,3,14,2,5,0,0,0,85,74
202105,6,1,341,7,2,18,18,3,4,3,2,423,2,3,0,28,80,4,7,8,6,1,0,1,4,149,120
202106,10,3,314,5,1,23,9,10,0,0,3,491,0,2,0,22,87,2,6,4,5,2,0,3,0,140,105
202107,9,3,364,6,2,19,9,5,2,0,1,704,0,0,0,22,103,0,7,4,4,8,0,1,1,169,154
202108,14,1,420,3,3,18,19,13,3,1,1,793,1,3,1,14,105,4,5,2,4,2,0,0,0,95,129
202109,21,9,724,3,3,34,21,16,7,0,3,1173,1,6,0,25,140,3,3,8,2,5,0,1,1,83,135
202110,23,18,810,3,4,66,20,13,9,0,5,1275,2,3,3,28,196,1,8,8,6,3,0,0,3,74,219
202111,32,44,914,0,7,87,15,14,9,0,9,1473,3,3,1,19,235,0,12,7,15,11,0,4,1,81,213
202112,6,35,847,3,2,97,17,17,16,1,4,1426,5,0,1,8,289,0,9,9,9,13,0,1,2,82,198
202113,5,31,739,3,4,122,22,9,18,0,6,1570,2,1,1,16,250,2,10,5,3,22,0,1,1,81,279
202114,2,31,510,4,4,145,28,14,13,1,2,1479,1,1,1,17,287,0,9,12,8,28,0,2,4,93,364
202115,0,20,462,1,4,177,21,19,8,3,5,1159,2,2,1,17,259,1,6,8,7,24,0,4,4,114,412
202116,0,28,478,4,6,296,20,11,8,2,3,998,2,2,3,15,301,0,2,11,9,35,0,6,5,137,531
202117,2,15,528,4,3,253,22,16,12,1,2,879,3,1,0,34,273,3,3,9,5,31,0,13,5,133,700
202118,0,17,584,3,6,250,29,21,13,1,6,681,4,2,0,41,288,4,3,8,7,29,0,9,12,203,992
202119,2,3,632,8,8,196,27,17,9,2,6,524,5,4,1,35,278,3,7,8,3,39,0,8,18,219,1393
202120,2,5,612,1,10,195,35,33,10,1,1,424,8,8,0,54,269,4,1,5,7,31,0,9,14,274,1780
202121,1,5,566,3,10,253,17,11,2,1,3,324,3,6,1,72,258,2,0,9,4,33,0,5,14,306,1871
202122,2,2,465,5,12,213,31,5,2,1,4,272,9,5,2,63,223,1,4,4,1,40,0,14,5,406,2176
202123,5,2,461,3,7,205,38,15,2,3,3,227,8,12,2,94,204,2,1,1,7,29,0,13,13,381,2099
202124,2,0,303,0,8,205,42,26,2,1,5,169,7,12,1,107,162,2,1,4,5,24,0,5,11,358,1926
202125,0,1,218,1,11,128,40,23,0,0,2,121,8,19,2,106,137,6,5,1,2,24,0,6,11,385,1980
202126,5,2,247,1,5,152,41,11,1,3,3,104,4,21,2,92,94,5,3,3,5,19,0,8,8,447,1842
202127,2,1,203,2,4,134,37,14,3,2,3,75,10,14,1,99,63,7,4,1,4,8,0,16,4,442,1542
202128,1,3,138,1,6,88,61,11,1,4,1,52,8,16,0,113,62,0,4,7,1,10,0,11,7,394,1198
202129,2,0,125,0,6,77,48,14,1,2,2,52,2,30,2,105,46,4,2,5,4,4,0,10,5,421,1116
202130,0,3,96,2,6,76,42,10,2,0,3,35,5,24,3,108,41,3,0,4,5,8,0,13,7,418,1015
202131,1,2,81,2,6,94,39,11,0,1,0,34,4,34,7,133,26,1,2,2,5,7,0,13,3,312,854
202132,0,0,76,0,7,83,37,5,3,4,1,42,2,32,18,151,34,4,0,0,3,3,0,3,2,379,720
202133,0,1,56,1,8,86,33,10,1,0,3,35,4,20,2,105,24,2,4,1,2,8,0,8,3,331,645
202134,0,0,40,0,2,63,35,4,0,1,1,27,5,26,2,108,22,0,0,4,2,1,0,4,3,295,502
202135,0,0,38,0,1,50,21,5,1,1,0,22,3,20,3,119,18,1,2,6,1,2,0,2,0,295,400
202136,0,1,58,1,2,46,21,3,3,0,2,38,4,19,6,154,22,1,1,4,0,4,0,5,4,295,427
202137,1,0,39,0,4,48,22,8,2,1,2,32,3,21,2,139,14,7,1,1,2,2,0,1,2,272,409
202138,3,1,40,1,2,36,11,9,1,1,0,20,5,16,3,109,10,2,0,2,2,3,0,0,6,224,366
202139,1,0,38,0,3,43,18,6,0,0,3,29,3,21,2,89,8,9,1,0,1,1,0,1,4,210,302
202140,3,0,31,1,2,42,22,9,1,0,1,26,2,12,0,90,8,5,0,2,1,7,0,1,5,175,296
202141,1,0,36,0,3,46,30,5,2,1,0,20,3,6,0,74,15,7,2,4,1,7,0,1,2,210,214
202142,2,0,29,1,2,38,16,6,1,0,2,21,5,6,0,65,10,2,3,1,2,10,0,0,3,175,176
202143,3,0,23,3,1,29,22,4,0,0,1,15,2,10,1,36,11,0,0,4,1,0,0,0,1,134,189
202144,3,0,25,0,3,61,46,10,2,1,2,21,1,11,0,65,13,6,0,4,1,14,0,0,1,82,179
202145,0,1,34,0,9,62,39,5,0,1,1,26,1,9,0,72,13,3,6,1,2,5,0,0,2,79,153
202146,1,1,40,1,16,56,33,10,1,1,6,31,1,9,0,64,19,4,2,8,5,13,0,0,7,107,138
202147,2,2,55,4,20,84,46,7,4,0,0,27,2,8,1,76,24,2,4,4,4,14,0,0,7,108,110
202148,6,2,98,3,25,69,28,14,4,0,1,53,2,3,0,72,20,9,3,5,8,23,0,1,1,104,128
202149,3,3,72,2,50,63,22,7,2,0,3,52,0,1,0,97,27,21,4,9,2,31,0,1,2,103,73
202150,5,1,19,5,33,57,9,2,3,1,3,21,0,3,0,76,21,21,9,11,4,16,0,1,4,46,72
202151,1,0,9,7,8,30,45,5,1,0,4,6,2,0,0,19,23,35,1,2,5,3,0,0,1,16,53
202152,0,0,4,5,0,8,5,5,4,0,1,1,0,0,0,0,36,25,0,0,0,2,0,0,2,2,6
202201,0,1,214,12,37,55,44,19,2,1,9,29,1,6,1,29,57,28,1,5,4,95,0,7,4,72,49
202202,3,2,294,9,31,68,78,16,3,0,33,17,1,3,1,38,57,37,6,9,8,105,0,8,13,84,50
202203,0,2,396,8,51,47,120,13,0,0,6,23,1,8,0,29,71,16,2,4,5,135,0,17,13,79,99
202204,3,4,381,10,48,53,165,14,1,0,2,28,1,10,1,25,78,10,3,7,3,117,0,16,18,98,136
202205,5,2,488,21,47,56,328,23,0,0,1,17,0,8,0,44,87,15,2,7,5,164,0,38,15,179,170
202206,2,5,571,34,41,62,407,22,4,0,2,17,5,9,0,65,81,20,4,5,4,170,0,30,18,235,243
202207,4,3,633,60,43,92,590,15,4,0,1,27,5,20,1,56,86,22,0,5,6,164,0,50,20,319,265
202208,5,3,692,36,53,106,680,24,4,0,2,31,4,7,2,52,114,17,6,1,2,159,0,70,28,281,253
202209,5,7,978,55,58,155,1267,30,10,0,3,26,2,10,0,72,186,31,4,7,6,203,0,151,18,455,373
202210,1,13,1116,67,86,209,1489,38,7,1,1,38,6,15,0,66,305,97,7,5,6,203,0,225,27,466,387
202211,3,14,1012,49,78,250,1679,35,11,0,2,37,10,16,2,75,387,98,13,4,3,182,0,363,30,560,560
202212,1,11,890,38,129,195,1701,32,11,2,4,40,5,16,0,87,563,79,10,7,7,182,0,562,27,552,770
202213,2,12,979,36,126,227,1811,39,12,1,5,42,9,38,0,75,643,71,9,0,9,216,0,676,37,747,822
202214,0,14,775,52,155,222,1796,54,16,1,3,44,10,49,0,78,583,110,11,3,11,193,0,710,45,944,940
202215,0,17,667,47,222,299,2039,38,13,1,1,43,7,144,0,84,596,83,13,5,8,168,0,730,36,742,1059
202216,3,21,748,28,253,420,2470,45,14,0,7,44,16,163,0,101,483,86,10,8,8,175,0,932,37,767,1233
202217,2,26,806,22,257,569,2733,53,18,2,5,70,6,228,1,74,406,105,23,11,6,167,0,950,34,863,1095
202218,2,17,885,24,250,628,3318,59,29,0,4,98,23,383,4,86,381,99,44,15,14,163,0,916,44,1068,1122
202219,1,16,779,27,296,624,3177,76,18,1,5,84,6,470,6,133,350,90,38,17,7,163,0,814,35,994,1011
202220,2,6,742,17,220,811,3564,61,21,0,6,67,5,586,3,185,267,94,34,17,11,142,0,634,29,931,777
202221,0,4,482,20,207,833,3344,71,13,2,2,68,5,508,2,147,226,92,60,8,8,114,0,457,22,845,569
202222,1,5,424,9,274,860,3101,64,5,0,2,53,1,649,2,152,186,98,12,6,13,103,0,409,18,728,521
202223,0,3,296,13,167,779,2778,36,5,1,1,41,0,517,0,138,146,85,23,7,9,87,0,361,18,677,449
202224,1,1,250,7,141,654,2526,42,4,1,4,36,4,500,2,122,103,94,12,9,4,60,0,267,8,594,373
202225,0,3,176,9,128,595,2193,42,13,1,1,37,1,583,1,129,98,63,20,7,0,55,0,251,16,583,315
202226,0,3,211,6,106,556,1725,42,6,0,5,34,1,696,0,121,96,50,9,8,4,48,0,191,16,608,313
202227,2,1,131,7,74,511,1394,23,4,2,4,31,2,631,2,117,66,58,11,9,6,35,0,135,16,538,253
202228,0,1,147,7,73,439,1045,33,5,3,1,38,0,557,1,136,51,48,16,6,5,36,0,99,10,595,223
202229,1,2,110,11,61,432,780,32,3,1,2,27,3,609,1,126,36,51,13,6,4,27,0,60,7,539,218
202230,0,1,114,3,37,410,682,41,2,1,3,31,3,490,0,118,27,32,13,6,5,25,0,43,13,398,202
202231,0,0,107,4,49,354,687,27,5,17,4,31,2,428,0,135,33,44,8,5,6,25,0,46,11,360,204
202232,0,2,113,3,34,420,564,12,7,16,1,19,2,395,0,116,30,49,10,6,2,30,0,44,8,313,217
202233,1,0,97,6,24,329,471,25,2,22,1,32,0,343,0,110,32,58,8,6,1,22,0,31,4,276,163
202234,2,0,87,3,28,220,367,18,2,10,3,16,0,265,0,106,35,53,0,11,3,20,0,20,9,231,117
202235,0,1,80,7,20,233,313,19,6,6,1,18,0,197,0,93,35,34,12,5,4,19,0,17,9,170,125
202236,1,1,89,3,12,162,286,20,4,1,1,12,3,167,0,65,26,36,4,7,1,16,0,27,7,152,102
202237,1,0,77,3,17,157,185,15,6,3,0,10,2,130,0,76,53,34,3,5,0,23,0,17,4,129,92
202238,0,0,61,5,12,127,148,19,1,3,0,16,0,119,0,71,52,28,21,6,1,19,0,16,7,92,76
202239,0,0,60,2,9,112,107,28,2,0,4,19,1,128,0,53,39,32,16,10,1,25,0,14,5,85,61
202240,1,1,45,2,6,79,96,26,3,0,5,16,4,87,0,56,24,17,5,2,2,20,0,7,2,86,59
202241,0,0,57,14,8,88,90,28,1,2,2,24,1,107,1,37,45,23,9,6,1,16,0,9,3,63,81
202242,0,0,63,6,8,54,73,31,6,1,0,21,0,52,0,28,38,18,14,3,1,17,0,16,5,55,75
202243,0,0,58,1,4,59,56,33,3,0,1,17,1,56,0,22,42,17,26,2,1,13,0,6,6,42,72
202244,0,0,55,8,2,75,64,28,3,0,1,15,2,53,0,35,65,10,25,3,0,14,0,8,2,54,70
202245,3,0,68,4,7,56,53,26,8,0,7,15,0,51,0,28,92,9,9,5,3,15,0,13,2,35,70
202246,7,0,82,12,11,54,72,26,8,3,2,30,1,49,0,35,130,13,13,2,1,15,0,9,4,33,72
202247,1,1,96,3,12,24,51,34,7,1,3,20,1,38,0,44,223,17,18,2,3,11,0,18,4,31,74
202248,1,1,176,7,15,40,40,26,9,0,3,17,1,40,1,47,365,13,31,6,0,10,0,13,2,23,41
202249,0,5,211,10,16,47,55,33,4,0,1,25,1,27,0,39,604,34,17,1,4,20,0,12,3,14,44
202250,0,4,260,5,30,25,22,36,5,0,2,29,2,21,0,45,1144,13,23,5,1,15,0,8,6,9,70
202251,0,1,232,4,39,35,43,32,5,1,7,29,1,11,0,50,1481,15,29,6,4,7,0,11,10,16,44
202252,1,4,240,3,36,24,23,19,8,1,2,28,2,15,0,33,1728,26,13,5,3,14,0,36,8,12,47
202301,1,2,399,4,79,47,52,22,10,0,4,85,3,43,0,32,2370,31,5,13,3,29,0,16,15,15,56
202302,0,1,402,3,204,50,33,22,12,0,2,73,10,28,0,37,2726,39,5,13,2,11,0,32,15,18,56
202303,0,4,399,0,255,97,43,15,7,0,1,65,9,49,0,32,2771,37,29,10,0,23,0,53,15,21,56
202304,0,3,486,6,344,88,44,21,11,0,2,45,4,29,1,47,3147,56,37,10,0,36,0,60,20,29,41
202305,0,3,530,5,310,68,62,20,19,1,3,49,9,36,0,45,4103,45,46,11,5,35,0,81,39,28,55
202306,0,0,659,5,497,65,98,29,27,0,2,37,5,34,0,37,4371,57,62,13,6,40,0,113,23,23,67
202307,2,1,560,4,403,54,87,24,39,4,5,54,3,24,0,22,4416,76,100,9,1,50,2,124,21,15,71
202308,4,4,391,1,389,52,84,24,48,3,4,72,1,24,0,31,4526,95,129,7,9,72,0,137,25,27,77
202309,3,3,586,8,304,82,132,40,114,4,2,94,8,37,2,33,4973,127,188,9,7,36,0,202,36,40,85
202310,1,4,499,10,256,56,112,41,165,1,4,93,11,49,1,25,4697,156,392,6,7,35,1,221,31,45,104
202311,3,5,565,11,215,43,101,45,202,2,5,126,5,45,1,27,4708,134,375,22,4,54,0,234,34,44,153
202312,1,15,508,15,200,67,98,52,310,2,4,136,7,28,0,30,4832,120,341,22,12,41,1,204,19,57,87
202313,1,13,552,33,206,78,78,34,250,1,5,143,13,48,0,36,5036,109,361,9,21,73,0,154,29,73,119
202314,4,12,508,18,202,105,80,30,210,0,9,173,18,58,1,36,4533,105,391,12,24,61,0,186,23,109,109
202315,4,7,550,24,190,196,108,35,254,1,11,187,5,44,0,48,5221,105,294,12,30,117,0,222,27,80,128
202316,3,15,490,12,142,126,79,34,231,1,1,183,12,46,2,42,4318,120,298,13,17,149,0,257,33,44,114
202317,1,11,558,15,125,93,61,33,185,3,3,208,5,24,1,46,3429,132,262,5,7,93,0,299,32,39,80
202318,2,11,605,14,147,77,67,64,194,2,0,210,6,15,1,60,3696,141,272,13,15,122,0,222,32,50,111
202319,1,12,633,22,72,73,68,50,161,2,1,219,7,29,2,53,3554,114,280,15,15,130,1,185,40,43,91
202320,2,17,678,20,59,56,76,42,120,1,1,170,6,18,1,56,3163,97,250,7,15,116,0,197,29,47,108
202321,2,8,522,9,89,35,83,47,108,0,2,132,4,21,2,37,2282,71,242,4,13,97,1,167,23,37,70
202322,1,18,557,5,70,75,66,57,83,0,1,128,8,34,0,45,1976,82,149,7,16,96,0,177,29,41,68
202323,1,2,396,4,57,43,92,50,61,2,2,73,12,15,1,52,1508,70,116,21,6,63,0,146,20,33,70
202324,0,2,449,9,54,37,110,46,34,3,1,66,9,20,0,56,1485,77,86,19,5,74,1,92,16,39,68
202325,0,6,380,4,25,62,71,38,33,2,2,43,10,19,0,70,1063,77,93,7,9,61,0,109,24,33,48
202326,2,4,386,4,25,41,71,36,37,1,1,58,7,17,1,82,781,74,74,28,10,56,1,86,9,23,66
202327,0,5,348,8,20,38,67,39,18,1,1,41,11,27,0,57,571,95,61,9,5,52,1,76,14,48,75
202328,3,4,338,2,22,35,72,33,14,0,1,41,15,37,0,87,493,106,59,12,4,38,1,70,7,35,95
202329,0,5,225,0,17,33,63,26,14,0,2,50,9,23,1,70,367,74,41,23,5,34,0,58,15,29,73
202330,2,2,205,2,10,28,58,22,13,3,0,48,11,14,3,75,262,67,36,17,7,39,0,36,16,26,74
202331,1,6,195,2,20,38,78,30,30,6,2,34,5,15,1,79,251,84,44,40,2,31,0,49,5,25,83
202332,4,3,183,3,18,51,48,25,15,3,1,41,14,13,1,56,254,55,73,29,4,29,0,17,6,29,52
202333,0,1,154,1,16,24,23,23,5,0,1,25,7,16,1,37,186,43,41,8,5,15,0,22,8,21,62
202334,0,1,127,1,3,20,21,23,8,1,0,9,7,13,1,27,131,27,8,9,5,24,0,16,9,20,31
202335,0,1,105,1,7,15,19,27,4,0,0,18,5,12,0,35,121,26,14,6,4,15,1,11,4,23,36
202336,0,2,100,1,2,25,11,30,5,0,0,12,7,6,1,19,133,17,12,8,6,17,0,12,5,21,25
202337,0,1,96,1,6,15,16,31,10,0,1,11,3,10,2,12,158,19,5,11,7,13,0,10,2,20,41
202338,0,2,86,0,7,25,21,35,4,0,0,23,2,7,2,16,192,11,10,6,2,18,1,8,7,24,31
202339,0,1,86,2,3,28,8,25,6,0,0,16,3,11,1,25,150,6,8,1,8,17,5,3,4,17,27
202340,0,2,85,2,1,25,13,25,13,0,0,13,1,8,3,15,150,8,2,4,8,7,6,3,5,21,37
202341,0,3,66,1,3,15,6,29,4,0,0,16,2,6,0,16,229,11,5,9,5,13,1,5,5,30,27
202342,1,1,99,2,9,28,9,20,6,0,1,12,4,13,1,10,291,7,7,8,15,11,1,6,6,13,31
202343,0,1,80,2,4,11,12,31,7,1,0,13,1,1,1,1,347,4,8,10,7,12,4,5,4,19,21
202344,0,2,74,3,1,14,2,33,3,1,1,17,2,4,2,12,415,4,3,10,5,21,5,2,8,14,31
202345,0,2,112,1,5,20,5,11,4,1,0,32,2,8,3,12,544,6,11,8,6,45,4,6,2,16,39
202346,0,3,105,2,9,22,9,23,4,0,2,38,2,6,2,9,717,5,12,8,5,38,3,3,4,15,34
202347,2,1,105,1,3,18,10,31,4,0,1,46,4,2,3,1,1094,6,5,10,7,36,3,3,10,13,26
202348,4,1,92,2,13,11,12,23,7,1,0,66,3,4,0,5,1288,6,10,6,7,51,1,7,6,17,26
202349,3,1,99,2,3,11,4,28,6,0,0,101,5,5,1,5,1285,10,6,9,6,108,1,7,15,23,50
202350,9,4,89,4,6,16,6,43,9,0,2,101,4,6,2,7,1813,3,12,18,8,173,3,5,11,12,42
202351,5,2,45,7,4,14,6,29,4,0,4,182,9,2,0,5,2301,0,14,16,6,196,0,8,13,18,26
202352,13,3,59,6,2,8,8,63,6,0,2,202,4,3,0,2,2501,5,13,10,14,181,3,6,13,8,22
202401,32,5,67,0,5,46,11,90,15,1,0,221,2,6,4,11,3939,9,21,26,25,304,2,6,16,27,31
202402,12,3,80,4,3,20,11,100,19,0,3,220,2,9,8,9,5535,10,26,21,52,310,3,8,19,20,25
202403,12,7,97,4,6,17,16,133,18,0,8,257,8,8,21,3,7692,8,22,21,118,368,0,4,17,15,29
202404,17,5,131,5,9,22,15,133,18,1,7,208,4,9,5,8,9273,5,30,23,198,453,7,8,14,16,38
202405,8,8,188,8,11,21,23,189,32,3,5,281,7,13,7,10,11579,7,22,36,411,444,11,13,25,36,47
202406,6,8,239,18,17,43,24,225,35,0,14,254,9,15,6,4,10867,18,42,17,507,427,4,15,7,30,71
202407,3,15,430,7,18,60,33,164,32,0,22,367,9,17,11,19,11751,36,53,42,721,423,9,31,15,51,131
202408,6,11,746,16,33,147,47,204,50,2,22,385,10,22,22,26,12918,47,103,44,820,471,20,35,14,88,163
202409,7,28,1157,26,34,157,51,234,36,0,18,499,7,22,31,30,13153,54,172,62,884,459,30,48,12,101,239
202410,11,26,1487,13,30,199,40,180,48,1,41,539,2,20,20,32,10973,65,198,60,684,520,19,67,24,127,265
202411,10,23,1678,22,32,238,42,161,76,2,44,581,2,14,4,32,11536,73,235,61,818,638,22,68,46,119,230
202412,10,33,1835,14,31,171,40,127,73,3,17,463,3,11,4,26,9561,65,125,51,923,479,13,37,31,75,237
202413,2,28,1293,19,45,100,36,127,73,0,11,401,3,4,4,17,6512,47,122,33,631,381,18,37,19,83,168
202414,3,30,1132,29,51,137,62,218,63,2,9,454,2,13,13,14,6824,60,178,34,764,555,16,50,37,81,213
202415,5,31,864,23,59,115,75,217,80,1,4,440,8,9,8,20,5841,71,164,53,633,494,18,39,16,83,189
202416,6,31,771,41,62,96,61,140,59,1,7,534,7,10,9,13,5202,69,163,48,843,559,17,24,18,58,187
202417,5,23,556,41,32,80,48,144,50,1,3,506,4,7,4,18,4052,40,140,45,900,454,5,41,10,53,132
202418,3,22,485,38,39,84,44,128,74,0,5,570,2,6,11,16,4237,27,109,34,1079,605,19,39,13,59,134
202419,2,12,486,40,46,100,36,129,74,3,2,605,2,10,7,10,4010,44,161,33,1221,597,13,50,12,28,130
202420,6,16,432,17,45,67,43,142,50,3,6,671,4,22,6,16,3304,16,102,33,1053,482,14,29,20,30,132
202421,5,7,400,16,56,73,40,105,40,0,2,553,2,9,2,12,2392,17,48,25,915,353,16,26,6,30,135
202422,9,4,325,3,29,50,41,97,21,1,0,408,1,16,2,12,1648,12,51,30,543,302,12,31,6,22,131
202423,6,5,228,5,19,68,24,170,22,1,0,356,0,10,8,9,1291,11,32,25,729,215,9,19,9,19,134
202424,9,5,194,10,15,48,29,131,28,0,0,311,0,7,3,8,996,13,36,26,678,234,9,21,4,27,162
202425,6,4,129,5,13,42,27,102,20,0,2,294,0,7,3,9,690,4,30,16,656,162,4,18,7,12,137
202426,6,3,120,6,8,51,12,110,22,0,2,236,0,12,1,16,596,7,19,7,554,98,5,9,3,16,103
202427,3,2,157,1,6,82,19,39,18,0,1,186,4,15,5,6,598,4,10,7,558,75,13,12,6,19,81
202428,5,5,124,1,5,79,20,46,8,1,1,183,2,11,12,6,393,5,2,12,367,70,2,12,4,22,72
202429,8,0,103,0,2,59,15,37,2,1,0,136,8,3,9,7,346,3,9,4,301,72,2,10,2,25,88
202430,4,3,73,0,3,49,11,28,6,0,3,135,0,6,10,5,227,8,10,16,300,32,3,5,6,30,69
202431,5,1,85,0,4,59,11,31,5,0,3,141,2,6,16,7,237,2,10,7,294,55,3,1,5,15,55
202432,11,1,98,4,1,52,8,19,4,1,2,101,0,4,7,7,212,5,7,4,230,33,4,5,6,15,68
202433,5,0,67,1,1,37,19,21,4,2,6,75,6,4,0,4,163,7,10,3,154,35,2,5,3,25,73
202434,2,2,75,1,1,25,8,19,5,1,0,104,4,5,3,2,169,3,9,2,157,23,3,6,5,15,52
202435,1,0,47,3,5,21,6,10,4,1,4,56,2,5,0,3,187,6,6,2,86,22,2,4,4,9,57
202436,4,1,39,2,1,27,16,31,7,3,2,95,3,7,5,3,193,5,2,1,80,29,4,4,1,13,55
202437,4,0,62,2,4,15,6,36,7,2,1,70,6,7,2,4,137,2,8,2,56,24,1,3,2,16,36
202438,1,0,54,0,1,14,5,19,7,1,0,66,5,4,0,3,161,3,14,1,64,45,1,5,2,8,60
202439,2,2,50,1,0,14,7,18,4,1,0,65,4,9,2,0,183,4,9,3,62,21,1,0,5,8,47
202440,3,0,33,1,3,12,6,20,3,1,1,77,1,8,3,5,176,5,17,2,55,23,4,6,3,16,42
202441,2,2,49,0,0,24,9,18,8,0,1,84,1,6,1,7,145,4,9,3,46,10,2,7,7,22,45
202442,5,0,44,1,0,26,2,13,9,1,1,75,1,3,3,1,143,7,11,4,58,16,3,5,5,24,42
202443,9,2,28,2,0,10,9,12,6,1,2,69,2,4,1,1,145,3,12,8,77,13,1,5,4,20,38
202444,4,0,54,1,0,15,6,11,10,1,2,75,4,7,0,0,139,5,10,7,88,28,0,1,7,15,37
202445,1,4,46,2,1,15,11,37,9,2,4,91,2,2,0,2,166,2,3,8,78,17,2,3,10,18,36
202446,2,1,44,0,2,10,9,56,12,1,1,142,2,5,2,0,168,6,9,2,105,19,2,2,3,11,46
202447,0,1,72,4,2,9,6,52,16,0,0,174,4,2,1,2,225,7,12,5,119,25,0,5,5,23,36
202448,2,3,53,5,0,6,7,48,17,1,0,174,3,4,0,0,272,4,8,6,209,31,0,1,5,13,44
202449,3,0,45,3,7,16,7,45,65,4,2,195,2,2,1,1,267,6,21,4,319,32,0,8,5,7,30
202450,8,1,47,4,2,15,6,54,49,0,0,194,4,0,0,2,263,7,16,5,403,19,1,8,6,14,41
202451,7,1,40,7,1,8,2,39,50,0,0,208,0,5,1,1,301,2,24,2,527,26,1,4,8,4,38
202452,5,1,24,4,2,7,2,23,52,1,2,244,1,1,1,0,226,4,46,2,656,31,3,1,4,7,24
202501,9,1,57,7,2,14,9,48,83,1,2,555,2,6,2,3,270,3,53,10,1318,35,4,2,2,14,28
202502,10,3,60,2,10,9,8,72,86,2,6,637,4,2,2,3,520,3,50,14,2104,38,18,1,6,15,47
202503,11,1,78,10,9,14,6,81,104,1,19,739,6,1,3,1,622,12,61,7,2598,40,5,5,7,11,46
202504,11,1,73,10,4,30,9,104,113,0,25,820,8,1,5,0,815,11,82,8,3387,46,5,11,4,22,31
202505,7,4,58,8,18,34,9,103,123,2,49,690,3,3,3,3,847,11,115,15,4134,58,6,13,7,45,41
202506,10,5,63,18,9,29,10,109,135,4,52,692,8,3,2,0,960,10,160,14,4117,65,7,8,6,55,52
202507,6,7,90,17,19,38,30,128,182,0,80,685,5,3,4,4,1154,13,194,24,3426,48,2,15,16,43,63
202508,11,6,68,22,17,26,12,133,256,1,111,425,16,4,1,0,1125,11,259,8,2533,73,2,17,16,32,62
202509,6,17,45,50,26,50,15,70,298,0,130,436,7,5,2,1,905,10,265,11,1836,74,2,12,6,37,48
202510,2,36,61,70,14,31,20,76,447,1,153,346,5,1,4,1,842,21,380,19,1583,50,1,22,11,22,37
202511,12,42,65,79,23,68,14,61,565,0,230,284,6,4,2,2,920,10,478,23,1564,68,1,25,4,14,50
202512,3,39,80,134,31,60,14,47,688,1,275,304,3,23,4,5,874,33,636,16,1432,84,2,23,7,15,68
202513,4,49,93,114,18,59,24,52,640,2,270,263,4,24,1,1,818,35,675,11,1327,78,1,11,12,20,55
202514,4,88,121,85,22,73,35,43,640,0,261,239,4,22,1,1,801,17,734,20,1467,85,5,30,7,10,73
202515,1,50,90,51,36,60,30,56,516,0,266,240,2,17,2,0,745,18,756,14,1346,89,2,28,4,21,59
202516,3,38,85,45,30,65,35,32,364,1,214,233,3,11,2,4,648,19,690,15,1288,67,0,36,4,16,53
202517,2,34,101,33,20,59,43,47,489,0,277,231,5,26,2,1,708,22,736,31,1533,97,3,26,5,10,57
202518,3,22,103,25,9,65,54,53,304,1,283,221,1,29,0,2,627,34,618,15,1611,92,0,16,9,9,32
202519,0,31,80,15,13,52,44,67,280,3,272,251,3,31,0,2,726,32,737,16,1933,128,3,37,5,16,58
202520,1,21,91,20,23,53,54,65,244,0,323,251,2,30,0,5,648,25,714,25,1703,96,3,23,9,10,46
202521,3,12,68,22,20,59,43,44,271,0,212,216,4,32,0,4,594,27,897,22,1577,109,4,27,5,7,43
202522,3,6,45,4,24,67,31,46,189,2,178,213,3,32,2,1,404,16,669,19,1173,92,2,21,4,8,62
202523,7,2,54,8,21,75,24,39,89,2,145,162,1,34,0,2,371,18,516,27,1003,105,2,20,5,12,68
202524,3,2,58,4,19,61,16,46,81,6,130,137,3,34,0,3,284,8,570,14,843,79,2,16,8,5,52
202525,4,3,45,4,11,53,32,33,52,2,105,103,3,53,0,4,186,12,377,22,583,54,0,12,4,5,51
202526,7,4,52,4,2,74,20,27,32,1,99,94,4,82,1,3,196,9,253,17,494,52,1,10,5,7,71
202527,6,1,45,5,4,89,13,21,28,0,110,83,4,142,0,4,153,4,230,22,447,45,2,11,3,11,84
202528,10,0,41,2,6,72,18,18,25,0,61,56,2,188,2,0,135,9,200,29,333,31,3,9,5,3,57
202529,5,1,26,1,5,81,15,8,17,2,77,37,2,230,1,3,119,8,157,14,244,36,1,12,3,6,45
202530,6,4,31,2,5,114,17,14,13,1,68,46,5,188,1,1,109,11,122,12,225,26,2,2,2,5,68
202531,1,1,26,5,9,167,28,15,11,2,45,31,6,283,1,4,84,13,113,10,174,18,0,8,5,1,81
202532,3,2,29,2,2,147,15,11,24,1,34,41,5,251,3,4,92,9,103,11,125,18,0,6,3,9,77
202533,3,1,27,1,3,146,15,10,8,2,35,25,5,252,1,1,80,7,64,11,118,20,1,7,4,8,71
202534,2,2,40,0,6,114,5,8,5,3,20,28,6,260,3,3,115,7,89,9,101,32,0,9,2,5,84
202535,3,2,58,2,2,87,7,8,7,2,10,25,4,212,1,1,99,6,68,16,73,16,0,7,6,2,89
202536,2,1,34,2,0,110,12,2,14,1,6,41,4,167,1,5,117,8,66,18,90,19,2,3,1,4,84
202537,4,1,41,2,1,96,13,6,11,0,9,32,4,191,4,0,163,8,57,14,72,5,2,16,2,4,91
202538,2,4,46,6,1,97,6,11,8,1,12,60,5,235,0,10,152,4,82,11,83,17,0,9,4,2,105
202539,5,2,41,3,1,76,4,9,8,1,9,52,2,162,3,9,132,5,67,11,58,10,0,4,5,5,83
202540,3,5,40,6,0,73,10,6,12,0,11,72,2,177,0,9,117,3,62,10,76,12,0,3,7,0,66
202541,3,0,24,5,1,67,11,9,17,0,14,61,6,115,2,14,154,5,58,11,94,15,1,6,3,2,71
202542,4,9,39,4,4,61,8,10,18,0,7,54,2,72,0,8,130,2,50,7,41,11,0,0,2,3,51
202543,7,8,23,5,7,60,4,5,12,0,10,51,3,84,0,7,152,9,28,4,48,8,1,5,7,5,67
202544,0,3,26,7,2,39,10,8,10,0,9,67,3,34,0,8,124,4,49,4,58,19,0,3,14,3,54
202545,0,4,36,3,3,38,4,2,13,2,5,70,0,48,0,7,155,3,78,4,48,8,0,3,5,6,62
202546,1,5,27,4,7,52,4,7,21,2,8,68,1,56,0,17,185,3,91,7,73,16,0,4,8,1,39
202547,2,5,18,6,3,31,7,4,8,1,11,73,1,28,0,7,138,1,70,9,30,11,1,9,7,2,55
202548,2,2,23,11,5,21,12,6,16,1,9,55,7,15,1,4,136,6,61,9,34,13,0,3,9,2,40
202549,1,6,17,8,11,22,7,10,27,5,3,69,2,52,0,10,131,3,69,10,38,24,0,5,22,4,40
202550,4,5,17,10,2,28,5,3,24,2,7,56,1,36,0,11,130,9,80,10,29,24,0,8,3,6,45
202551,2,5,21,10,9,18,4,8,12,0,12,86,2,23,0,12,123,4,96,7,27,32,0,2,5,4,23
202552,4,2,13,3,6,16,4,2,14,1,10,67,2,17,1,2,133,5,91,4,24,39,0,4,7,5,26
202553,2,4,14,9,3,21,12,7,14,1,21,125,1,23,2,3,170,7,139,12,42,86,0,3,4,4,29
202601,5,7,9,8,9,22,4,9,21,0,24,126,2,15,1,3,207,8,178,7,42,292,0,1,10,4,31
202602,2,3,13,6,17,24,6,11,20,4,35,103,2,10,0,2,231,4,162,10,49,444,0,4,6,5,32
202603,1,4,12,6,19,20,7,13,24,2,55,98,3,12,2,4,270,9,202,9,49,572,0,2,4,4,36
202604,5,5,22,10,26,24,13,12,17,0,51,111,1,11,0,3,292,12,194,9,62,568,3,4,4,2,38
202605,3,4,28,6,44,31,22,12,16,2,64,128,1,12,1,3,351,15,293,10,38,612,0,9,5,6,33
202606,2,5,18,8,35,30,22,20,16,1,34,155,1,12,0,3,404,13,271,14,48,602,0,11,1,7,48
202607,5,8,44,9,31,47,29,20,15,0,22,133,3,8,0,4,618,30,329,14,66,669,0,7,2,17,73
202608,4,8,30,10,30,61,38,70,31,0,17,142,2,15,0,6,711,26,428,30,56,530,0,14,8,9,75
202609,3,8,14,10,18,52,76,64,24,1,18,161,0,15,0,5,768,7,429,20,58,409,0,17,9,7,69
202610,0,3,3,4,8,13,19,41,12,0,1,15,0,7,0,3,147,3,100,3,15,75,0,2,4,10,16
