epiweek,RJ,PA,MA,MG,SE,PR,TO,SP,RN,PE,BA,PB,SC,AL,RS,DF,CE,GO,AC,PI,MT,AM,RO,RR,AP,ES,MS
201001,289,115,13,2124,3,110,231,1628,19,64,539,11,10,73,12,107,138,5163,760,59,3563,155,2456,25,34,164,1859
201002,316,173,27,2826,7,135,278,2461,27,72,564,20,15,98,13,219,173,6475,896,52,3578,162,2404,29,58,206,2406
201003,347,176,35,3705,5,162,357,2894,27,100,623,17,8,146,8,284,222,6703,892,57,3470,60,2213,28,33,211,3031
201004,375,176,36,5000,4,285,360,3952,34,131,634,47,6,162,6,372,241,6753,1235,78,3221,90,2070,38,43,202,3553
201005,448,240,40,5800,3,425,367,5372,20,196,866,63,11,245,15,474,311,6728,1811,101,2888,96,1949,68,89,230,3842
201006,391,192,23,6008,1,734,333,7808,23,216,737,54,8,227,27,536,338,5975,1927,144,2304,91,1498,98,72,256,4771
201007,479,258,43,7263,1,1027,398,10841,41,333,882,68,13,458,149,676,337,5282,2160,146,2062,99,1318,105,92,319,4484
201008,684,272,49,9573,3,1387,486,12566,33,417,1031,53,15,670,465,905,418,4884,1969,148,1776,90,873,116,96,420,4276
201009,686,401,60,11456,7,1824,484,14213,41,484,1405,122,9,1005,686,1005,506,4729,1989,200,1679,135,728,184,93,585,4490
201010,653,446,72,11359,6,2158,419,14241,48,549,1635,113,8,1552,506,787,475,4094,1651,192,1413,106,554,117,60,652,3947
201011,779,514,81,13775,4,2711,445,15875,55,643,1859,89,4,1757,470,950,372,4076,1476,173,1209,83,353,151,46,925,4499
201012,794,392,58,13781,10,3214,429,15865,64,660,1713,76,7,1979,376,934,353,3528,1039,168,914,63,268,149,15,679,3906
201013,970,332,52,14594,12,3216,400,15969,58,661,1501,84,9,2350,278,899,314,3226,915,191,663,43,237,159,36,794,3295
201014,1158,391,63,17824,11,3511,422,14526,74,638,2032,88,9,2098,249,1023,315,3235,875,194,600,72,273,254,41,1065,2892
201015,1101,308,68,13967,15,2841,411,10881,82,652,1655,96,8,2103,165,850,345,2613,692,201,505,74,193,188,43,957,2194
201016,1264,279,81,12653,16,2830,412,10891,79,768,1620,117,9,2136,61,724,351,2426,522,222,523,109,163,229,50,1106,1984
201017,1672,263,100,14328,14,3121,376,12492,117,948,2023,142,7,1897,34,837,456,2877,595,304,477,69,175,188,63,1218,2036
201018,1744,283,97,13582,21,2728,336,10497,118,1162,2099,158,8,2114,36,972,446,2645,477,224,344,92,120,217,47,1206,1564
201019,1654,290,117,9866,29,1711,239,7306,143,1494,2089,213,3,2128,15,751,505,1778,396,312,190,124,86,219,81,1312,993
201020,1525,269,77,6961,38,658,239,4431,169,1711,2240,258,1,1776,9,642,581,1464,258,264,179,90,69,284,69,1274,464
201021,1261,263,85,4941,26,381,183,3071,159,1881,2048,193,4,1741,3,612,477,1084,204,246,170,83,40,414,67,1080,308
201022,1107,241,89,3149,21,247,159,2119,182,2150,1767,268,1,1845,2,407,477,863,210,261,159,148,48,584,76,945,195
201023,866,263,118,1899,20,234,139,1483,231,2051,1511,252,0,1763,7,217,503,717,276,234,152,173,42,525,65,876,178
201024,688,257,142,1199,16,199,113,897,241,1526,1071,200,2,1649,4,187,530,552,185,213,107,186,53,411,61,714,150
201025,600,196,99,843,18,154,79,626,274,1435,872,188,2,1384,2,119,362,440,185,219,95,117,33,370,45,605,129
201026,577,216,96,638,8,122,48,489,293,1663,873,281,3,1532,3,97,387,328,194,228,106,128,44,359,47,496,151
201027,563,195,126,499,14,90,45,312,306,1560,830,251,1,1255,6,63,405,322,211,206,105,162,22,209,66,473,109
201028,448,165,145,387,21,46,30,319,358,1384,672,227,0,1186,3,63,400,256,160,204,62,242,13,231,56,426,50
201029,352,219,168,302,15,28,24,239,304,1356,572,242,0,1016,1,50,417,235,197,187,83,170,22,174,65,389,41
201030,443,170,196,227,23,28,37,245,271,1132,441,193,0,945,0,36,358,261,165,142,77,143,25,156,83,350,52
201031,388,265,264,196,19,24,33,187,305,1004,431,173,1,794,6,41,358,232,114,173,76,143,19,214,126,388,52
201032,415,306,328,146,32,10,31,175,307,936,403,166,1,734,2,31,366,279,105,148,62,188,23,206,91,354,33
201033,295,317,367,135,18,31,27,136,210,727,398,145,1,813,2,20,335,330,94,98,55,128,15,149,121,316,43
201034,291,281,314,134,23,23,17,110,181,570,257,163,0,580,2,23,305,298,78,87,48,117,17,92,113,257,52
201035,252,252,252,113,13,34,19,113,202,395,283,139,0,579,3,17,317,293,114,111,66,97,21,92,94,223,55
201036,171,292,269,123,14,36,20,111,212,372,272,132,0,498,1,21,362,349,121,102,63,102,25,92,99,166,61
201037,185,227,193,130,12,34,11,113,186,272,253,108,0,434,1,16,348,351,151,100,87,76,14,87,76,207,53
201038,142,264,155,118,21,41,8,117,166,265,219,145,1,442,4,26,299,442,200,90,61,99,12,66,80,179,60
201039,150,260,156,129,11,36,10,82,162,208,236,120,0,363,0,31,315,586,172,77,66,126,23,30,57,166,57
201040,89,257,125,96,11,35,7,83,169,156,197,109,2,316,2,30,414,528,164,47,62,112,22,23,109,142,53
201041,110,344,119,83,11,30,21,103,182,138,194,118,0,345,0,15,509,459,202,48,60,113,34,22,78,184,56
201042,94,294,107,112,17,40,20,89,159,134,230,97,2,297,1,20,443,505,262,40,89,117,37,32,47,182,48
201043,108,257,53,90,15,64,18,94,137,155,193,85,0,295,0,13,309,463,319,34,73,76,56,20,71,163,51
201044,148,364,68,148,17,59,71,111,142,142,223,92,2,301,1,21,372,468,535,55,107,124,127,11,68,185,79
201045,193,382,74,162,21,66,82,104,165,139,312,97,0,293,0,17,498,584,621,55,135,175,132,24,41,252,116
201046,214,501,103,187,23,76,95,127,176,180,404,93,1,296,4,22,605,684,786,53,178,302,179,27,49,327,86
201047,318,578,72,243,28,91,100,168,180,170,443,106,0,167,0,18,569,651,849,55,199,353,193,23,28,367,127
201048,407,635,65,341,18,151,111,218,180,149,531,81,3,95,2,17,777,814,960,56,279,351,215,17,53,430,114
201049,559,523,79,388,31,281,93,262,176,164,577,100,0,145,1,27,847,1055,1196,77,356,440,307,22,32,498,126
201050,615,510,64,379,53,354,117,308,176,166,490,93,1,152,2,34,730,962,1174,62,323,415,238,28,25,474,135
201051,514,430,80,413,24,293,84,284,188,141,419,78,0,111,1,39,627,690,1592,79,186,478,143,26,27,395,140
201052,501,506,115,448,24,353,124,377,159,117,368,108,4,96,2,38,772,658,1831,83,199,651,135,34,59,397,134
201101,823,679,180,690,27,305,179,523,206,139,585,163,4,127,3,57,1131,828,2139,168,280,1492,147,28,89,442,191
201102,1026,794,214,833,40,423,197,665,205,187,601,145,5,121,0,69,1127,944,2060,184,281,1948,169,34,153,557,194
201103,1306,865,286,951,33,672,218,953,272,170,695,194,5,126,8,90,1288,1069,2007,153,286,2356,173,40,129,711,225
201104,1793,1066,306,1133,29,830,245,1172,374,214,745,223,7,145,5,94,1456,1159,1594,205,286,3213,143,45,142,809,299
201105,2609,1243,420,1311,43,1219,269,1955,518,327,895,320,9,187,6,106,1765,1263,1457,311,230,3409,148,33,173,960,265
201106,3977,1167,454,1439,61,1477,300,2611,598,407,1085,370,5,253,2,118,2027,1382,1410,284,210,4629,132,37,227,1216,269
201107,4709,1138,472,1560,60,1831,223,3026,548,430,1119,396,4,238,12,106,2328,1235,1189,234,210,5555,158,29,171,1288,325
201108,4772,1030,383,1388,45,2002,243,3455,643,366,1054,477,2,217,9,94,2418,1084,912,240,173,7000,126,36,126,1278,299
201109,4326,831,326,1220,35,2271,228,4244,723,391,1084,459,8,244,10,123,2527,1016,771,215,182,6171,124,29,103,1274,306
201110,4348,764,333,1404,61,2123,280,3632,896,553,1302,598,5,273,9,144,2803,1018,689,285,191,5353,159,27,118,1194,349
201111,6700,887,444,1764,84,2641,307,5618,1086,696,1660,751,6,333,12,130,3471,1180,641,413,186,4382,150,47,148,1359,479
201112,9657,788,437,2055,107,2862,329,6575,1298,777,2004,799,5,375,31,176,3747,1438,651,452,208,3203,163,56,106,1989,540
201113,11061,716,398,1862,114,2208,309,6504,1196,773,2034,870,2,388,35,164,4052,1422,548,525,234,2292,174,31,102,1721,499
201114,13213,597,334,2114,109,1988,356,8853,1252,800,2173,703,5,347,39,169,4653,1503,453,533,185,1888,119,39,91,2024,508
201115,12251,418,264,1991,99,1461,271,8662,1105,714,1836,624,9,277,41,184,4193,1378,321,497,185,1216,125,23,50,1918,417
201116,10745,270,239,1894,88,1083,242,8366,979,659,1516,462,7,288,34,148,3408,1179,204,374,96,827,93,24,47,1638,369
201117,11531,302,224,2034,113,1301,285,10125,1062,555,1643,443,11,235,23,166,2991,1207,127,431,84,596,58,21,37,1870,437
201118,10445,246,254,1998,76,930,383,7612,982,630,1556,400,7,296,17,151,2616,1268,93,439,81,569,42,26,46,2236,319
201119,9578,238,358,2018,140,597,418,6318,935,707,1577,449,6,304,10,179,2420,1143,102,495,77,573,48,17,27,2230,194
201120,7989,192,337,1526,152,466,366,5467,870,667,1268,446,2,261,8,148,2139,994,68,430,50,533,45,20,40,1893,196
201121,6131,132,298,1019,126,243,393,3099,781,594,1164,382,2,179,4,103,1639,706,53,346,51,337,24,34,21,1473,139
201122,4753,139,337,721,103,169,415,2043,817,571,1190,392,4,222,4,79,1227,581,50,388,46,309,19,20,25,1347,98
201123,3168,115,364,531,90,79,318,1075,848,492,939,290,1,201,1,72,989,547,30,355,59,280,16,34,20,1121,64
201124,2299,93,316,366,83,43,341,674,633,386,728,293,0,209,1,56,700,348,33,335,67,251,8,33,16,783,37
201125,1610,71,280,262,90,42,206,408,445,358,487,214,2,132,1,47,583,293,18,244,52,254,7,24,11,585,41
201126,1330,102,222,227,102,24,200,383,409,363,608,216,0,119,1,22,476,230,18,208,45,192,7,36,17,551,16
201127,960,77,229,182,94,10,189,215,388,295,523,160,1,102,1,25,364,219,14,203,33,114,8,34,11,409,20
201128,775,54,252,138,87,21,155,177,331,260,490,139,1,128,0,26,301,224,15,167,48,139,14,45,10,285,19
201129,589,81,232,114,112,11,129,169,257,242,399,114,2,96,2,30,275,231,16,144,54,131,5,39,5,283,22
201130,489,72,234,126,96,20,92,136,228,217,354,117,1,120,0,40,282,192,10,112,46,136,5,17,9,264,22
201131,337,76,282,110,84,10,109,111,256,225,340,83,1,111,1,33,226,207,10,120,37,116,19,26,15,228,12
201132,332,82,270,97,75,12,105,116,176,232,295,75,0,148,2,36,176,190,18,117,45,118,21,31,15,203,22
201133,339,103,253,98,76,14,110,97,163,172,239,64,0,129,0,26,190,180,13,86,44,99,9,26,16,186,18
201134,279,82,251,78,61,12,98,83,126,131,211,50,0,85,0,22,170,182,9,95,32,77,11,24,11,102,16
201135,230,110,165,82,65,14,98,109,88,155,213,59,2,101,3,37,135,155,10,102,56,91,9,20,11,98,16
201136,274,99,120,82,57,16,90,113,103,172,190,52,0,128,2,13,158,155,9,90,67,62,14,20,16,95,21
201137,298,83,104,103,70,15,93,114,91,157,180,37,1,114,1,36,143,187,11,70,56,91,21,12,12,103,16
201138,353,101,82,99,35,14,92,147,77,149,179,40,0,104,0,40,140,246,7,59,62,55,14,14,9,90,15
201139,389,100,52,102,39,28,104,138,88,166,181,24,0,112,0,35,139,258,11,49,62,74,20,12,18,99,35
201140,377,61,60,89,57,20,55,162,79,171,214,33,1,115,0,13,135,290,9,47,51,69,18,15,4,69,24
201141,434,103,52,86,55,14,75,118,83,174,191,34,0,100,0,40,118,309,11,59,54,55,18,11,14,85,24
201142,388,102,33,133,56,29,91,136,79,196,189,21,1,101,1,26,127,352,12,47,84,62,13,17,21,92,30
201143,555,99,59,142,47,31,97,130,101,207,184,23,0,116,0,23,112,384,18,33,62,53,8,13,3,115,31
201144,497,156,54,168,46,31,74,113,115,239,238,26,0,91,2,23,138,329,24,70,102,60,32,14,8,159,23
201145,601,185,42,199,41,40,76,111,105,292,226,27,0,84,1,30,121,311,13,88,102,100,20,8,4,184,42
201146,514,287,51,182,46,34,94,154,108,301,233,32,1,71,0,26,117,373,34,93,135,153,26,19,19,135,47
201147,757,302,77,236,62,50,138,132,105,309,309,24,6,124,1,28,138,362,41,82,162,127,29,19,7,132,50
201148,753,256,56,224,77,68,169,162,89,393,340,28,2,127,3,29,177,475,51,103,167,164,36,23,3,139,41
201149,977,343,72,301,82,49,204,216,130,444,350,28,3,156,3,36,208,554,40,94,188,129,36,27,1,180,58
201150,1232,385,79,295,100,37,205,249,154,481,527,28,0,202,2,29,174,496,41,91,196,125,39,41,1,203,66
201151,1131,325,82,339,67,38,170,286,199,454,505,19,2,189,3,20,187,407,51,93,163,84,40,27,7,176,73
201152,1067,293,63,323,85,38,178,242,160,429,449,14,1,254,1,27,198,343,51,70,201,128,25,21,3,138,50
201201,1558,541,119,397,112,33,287,328,297,799,611,20,5,262,6,28,274,505,116,135,306,202,75,31,9,193,96
201202,1673,534,147,511,85,25,392,365,264,758,833,25,3,257,3,38,412,537,78,180,391,198,84,38,8,221,113
201203,2075,597,133,566,105,33,412,358,236,844,878,23,4,303,6,43,541,548,110,141,440,222,62,36,8,236,122
201204,2272,667,125,559,103,43,430,415,306,900,857,41,2,367,6,42,524,553,76,143,404,199,59,39,11,214,132
201205,2491,786,162,602,133,55,546,579,446,1063,865,43,4,386,2,31,554,632,82,180,610,332,70,20,13,188,135
201206,2937,911,208,613,172,67,599,645,402,1264,1081,57,8,364,5,49,608,640,83,231,583,476,59,31,17,201,126
201207,3356,652,161,534,109,83,574,747,364,1211,1065,24,3,370,1,28,566,562,103,146,707,240,75,22,10,176,161
201208,3914,647,191,645,147,114,443,837,458,1462,1374,54,2,392,7,37,568,586,105,188,861,172,90,17,8,201,149
201209,5653,817,230,745,161,148,420,1069,677,1708,1876,98,2,565,7,49,767,615,85,222,1045,138,75,39,7,216,149
201210,6927,807,231,886,154,214,446,1303,662,1797,2046,108,6,626,3,60,906,606,63,227,1052,99,91,37,16,207,149
201211,6828,780,266,843,146,206,472,1413,962,1955,2233,134,0,754,16,58,1156,591,49,337,1184,98,102,64,6,222,219
201212,8097,694,292,913,197,206,591,1443,1070,1995,2275,197,7,1119,6,38,1201,618,46,364,1411,95,73,75,6,248,225
201213,8464,501,222,886,182,236,507,1398,1056,1625,2248,235,2,911,9,66,1306,561,39,347,1307,80,80,68,5,237,252
201214,9083,463,152,959,222,205,434,1394,1277,1790,2073,245,1,1192,4,39,1467,464,41,365,1119,38,75,32,11,245,255
201215,11202,467,192,1192,239,225,491,1715,1624,1772,2856,389,6,1255,12,72,1999,598,41,614,1447,62,75,60,13,291,410
201216,13310,426,213,1261,246,236,499,2093,1650,1603,2595,471,4,1409,4,65,2840,687,24,763,1564,47,65,44,10,296,454
201217,12492,327,169,1080,204,218,412,1876,1772,1203,2480,471,8,1430,12,60,3591,691,24,729,1412,47,75,34,10,272,296
201218,11259,289,170,1158,224,190,349,1714,1848,1186,2340,469,8,1448,6,79,5092,777,17,917,1341,51,69,51,19,252,248
201219,11160,292,153,978,174,151,330,1056,1499,971,2180,518,1,1390,11,78,6752,731,16,972,1294,32,69,47,10,255,199
201220,9607,248,148,848,163,122,326,1068,1548,724,1990,512,1,1313,4,39,6666,599,28,824,1238,31,64,68,19,222,169
201221,8114,223,124,664,146,147,273,800,1144,674,1522,374,2,998,4,49,4707,657,25,749,1054,57,62,75,13,181,203
201222,6528,148,143,685,106,93,176,655,995,498,1293,290,1,795,3,46,2954,537,18,544,939,69,68,50,5,277,162
201223,5320,143,108,604,108,48,142,545,948,396,1048,314,0,813,2,43,2004,456,13,404,639,52,72,50,10,213,120
201224,4796,198,119,687,101,42,138,487,792,382,982,294,1,686,4,52,1621,621,14,393,611,61,68,51,22,244,92
201225,3725,165,103,531,81,33,142,431,712,364,731,243,2,688,0,31,1061,508,7,299,652,71,76,56,15,260,97
201226,2856,163,59,491,64,32,95,315,610,309,599,257,2,602,0,27,765,360,14,240,569,54,55,49,11,232,77
201227,2067,139,70,364,88,17,97,233,600,306,603,239,1,700,1,35,601,382,16,188,606,70,55,54,18,247,74
201228,1326,168,68,334,89,16,67,175,575,319,602,249,0,609,0,35,470,301,13,156,421,65,40,31,22,195,52
201229,1015,162,79,236,68,13,78,125,492,323,615,237,0,657,0,33,368,238,10,189,330,67,46,31,20,196,30
201230,703,175,53,222,48,8,70,137,471,279,471,213,2,583,2,28,320,258,7,163,317,69,43,35,23,174,25
201231,812,191,40,176,46,15,38,140,430,200,465,263,1,679,1,26,261,279,9,132,338,53,52,68,36,158,30
201232,775,233,68,174,50,17,43,120,357,169,372,213,0,478,0,23,181,230,6,111,306,43,36,77,76,150,26
201233,728,195,59,147,39,10,44,89,345,130,309,248,1,402,0,20,198,207,7,92,251,44,44,48,49,143,37
201234,612,196,63,128,26,12,41,86,264,94,269,155,0,433,1,23,150,214,15,92,195,41,39,57,74,117,27
201235,463,141,29,111,30,11,27,66,199,87,289,157,0,442,0,16,108,206,9,70,141,51,32,34,67,125,25
201236,385,125,49,111,23,15,22,54,183,62,203,117,0,372,0,18,113,213,6,58,102,48,18,29,68,112,25
201237,404,163,39,117,28,11,30,81,150,67,240,98,0,285,0,22,79,241,14,38,152,53,21,31,86,177,54
201238,410,122,36,135,25,4,23,82,139,75,187,82,0,266,0,10,100,221,13,42,148,58,26,32,98,137,56
201239,308,108,16,141,27,10,37,62,96,57,166,73,0,228,0,17,66,268,11,23,115,47,22,17,86,140,51
201240,308,99,30,128,21,17,28,90,90,59,183,62,0,153,0,11,61,303,15,30,195,60,35,19,74,190,35
201241,260,111,14,97,19,13,34,96,85,64,156,48,0,130,0,21,86,271,36,24,193,42,30,9,75,129,48
201242,314,78,19,168,27,17,56,126,105,55,152,59,3,130,0,20,76,307,28,29,238,65,31,14,56,182,51
201243,335,106,21,189,16,21,73,126,103,62,137,49,0,128,1,16,71,341,26,28,232,69,49,16,46,200,80
201244,400,127,18,181,10,24,66,202,93,58,154,36,0,108,0,10,66,308,60,29,236,93,53,18,54,163,112
201245,437,149,8,228,12,28,60,165,95,85,198,43,2,141,0,10,80,342,56,38,319,78,55,14,65,171,145
201246,346,176,14,177,11,39,84,179,110,52,232,39,0,106,2,17,80,356,54,28,362,70,64,17,41,189,256
201247,424,202,12,350,11,47,94,264,109,67,272,19,0,109,3,26,105,484,83,24,521,138,91,17,46,268,329
201248,543,196,18,415,6,81,139,289,107,41,312,30,0,100,2,23,79,599,112,28,565,159,96,8,28,365,356
201249,672,179,21,742,2,120,138,322,114,51,342,26,1,81,0,15,99,548,130,31,621,194,105,14,47,413,430
201250,760,135,20,1138,8,262,178,360,143,80,326,42,0,78,5,31,77,767,174,26,764,208,145,15,26,544,610
201251,731,91,17,1689,5,305,115,471,121,49,324,37,1,45,2,38,58,784,153,23,627,156,154,3,26,676,656
201252,1220,91,16,3020,3,358,156,624,150,30,426,38,3,55,1,56,65,1246,129,13,967,192,165,8,28,851,1443
201301,2109,199,32,5084,10,618,258,1473,229,50,730,47,13,58,11,196,98,3001,152,24,1550,336,297,8,72,1119,2688
201302,3157,287,62,7468,8,1036,314,2200,264,53,1048,64,19,60,7,172,148,4174,185,50,1922,474,527,9,63,1509,4419
201303,3650,383,51,8626,8,1289,331,2938,297,74,1302,120,17,57,3,170,206,5072,217,66,1983,687,607,18,52,1644,6006
201304,4811,492,87,8920,9,1554,382,3762,288,80,1660,146,11,73,12,223,294,5293,218,91,2355,1031,537,19,53,1836,7305
201305,5280,554,90,9797,3,2293,387,4760,322,67,1941,192,4,73,12,218,373,6197,192,101,2169,1030,671,12,68,1752,7594
201306,5321,394,106,10396,16,2619,379,5402,237,88,2001,187,20,88,14,232,331,5437,164,64,1890,870,633,11,51,1874,6246
201307,7175,535,125,13163,15,2918,423,6250,306,100,2531,236,13,80,16,293,317,5896,165,128,1893,847,658,12,65,2333,5596
201308,11653,532,159,19216,11,3595,451,9474,380,121,3689,258,28,103,35,468,478,8040,171,144,1941,1058,524,14,58,3217,5322
201309,14117,580,178,25770,13,4018,497,12700,460,142,3898,276,19,138,44,544,583,8872,135,205,2262,906,499,15,68,4015,4817
201310,15945,430,155,28204,17,4585,381,15286,408,138,4306,315,18,114,35,568,672,8061,115,178,1772,904,468,12,97,4067,4819
201311,18903,434,113,34896,6,5446,411,19087,371,177,4359,335,16,107,45,763,700,7792,98,173,1764,823,495,13,90,4310,3959
201312,17598,465,89,38607,11,5412,327,18943,411,203,4198,258,17,192,31,965,574,7069,95,174,1480,811,339,12,87,3663,3347
201313,15974,392,87,32138,11,4418,325,15205,448,213,3402,321,16,166,26,905,586,5618,78,136,1186,666,203,7,100,3511,2552
201314,17739,431,158,36709,16,4983,355,18661,622,280,3552,407,27,196,45,1245,928,6125,60,179,1304,832,207,12,117,3635,2532
201315,17899,429,166,37143,24,4628,322,18793,699,358,3258,441,21,262,25,1363,1123,6059,37,240,1111,745,183,12,103,3305,2208
201316,13879,370,167,30627,14,4428,335,16849,632,365,3086,485,19,249,33,1237,1151,5697,40,206,1069,614,144,12,110,3548,2106
201317,9568,242,150,19865,31,2976,319,11461,577,364,2342,449,13,236,21,1119,1205,4441,26,171,755,411,109,19,56,2995,1431
201318,7132,239,125,11946,9,2149,236,8527,626,374,1852,508,8,330,15,1060,1151,3770,25,127,669,444,89,22,33,2788,1029
201319,5707,207,100,8819,32,2052,255,8514,761,409,1823,530,10,471,15,1141,1146,3370,32,193,649,356,102,38,50,2596,974
201320,4357,182,128,7484,37,1349,211,6220,627,332,1468,562,7,601,6,1130,1177,3003,22,181,555,319,81,35,35,2412,937
201321,3136,127,127,5858,44,927,201,4116,655,335,1207,554,4,629,4,990,1153,2371,11,195,463,333,68,26,20,1645,573
201322,1943,96,82,3281,36,624,119,2556,460,330,860,495,1,491,5,845,935,1462,17,162,284,261,57,20,16,1060,348
201323,1485,62,78,2584,27,487,118,1849,530,289,798,488,2,500,3,765,1025,1454,14,192,262,309,45,25,16,1039,249
201324,1272,56,89,1938,28,391,138,1542,541,248,687,478,2,436,2,631,1024,1263,14,177,232,222,34,28,12,1067,203
201325,918,33,61,1382,29,198,98,1176,577,183,469,397,4,379,1,422,1167,1059,30,165,212,181,27,31,10,925,194
201326,703,26,61,810,17,99,63,712,540,168,383,351,0,290,2,348,938,755,17,138,177,181,34,34,3,732,134
201327,510,33,47,589,29,93,41,447,528,162,379,434,1,246,3,318,1112,607,20,139,187,172,36,24,15,614,160
201328,403,18,31,437,16,61,59,409,539,131,343,380,0,234,1,288,1067,504,26,110,163,157,30,37,8,447,107
201329,332,21,33,350,10,43,38,328,521,157,319,323,0,231,0,211,943,440,14,128,116,106,19,20,8,519,86
201330,221,23,46,248,9,28,23,163,533,129,245,387,0,226,1,176,812,298,7,78,92,108,16,12,10,386,43
201331,231,18,35,191,11,26,28,181,439,153,251,318,2,230,1,170,939,328,9,85,113,125,28,16,10,344,66
201332,178,24,48,175,10,12,23,166,553,157,226,297,0,223,2,92,901,351,3,57,116,97,16,16,18,318,46
201333,158,22,55,123,13,21,42,153,418,115,163,278,2,198,1,77,774,328,4,50,74,83,16,18,12,250,44
201334,147,26,36,157,6,23,35,126,409,129,177,312,0,172,1,55,666,332,5,47,81,70,11,17,12,269,26
201335,132,23,35,136,9,21,21,111,295,108,153,228,0,192,2,56,456,243,3,42,59,52,15,19,11,221,36
201336,114,25,44,134,16,20,17,104,247,88,165,223,0,222,0,49,403,273,3,54,81,63,11,33,7,244,31
201337,128,23,52,131,8,23,23,104,274,83,187,176,1,191,0,52,323,300,4,41,82,79,14,27,7,193,39
201338,125,22,34,144,9,20,27,129,238,93,172,139,0,208,0,54,272,273,11,43,81,65,31,24,8,218,29
201339,140,26,16,164,7,27,34,110,174,97,163,122,0,223,0,38,204,231,2,29,89,55,18,26,11,175,32
201340,116,35,22,158,16,15,23,85,215,119,154,127,0,181,0,43,192,330,5,27,83,62,23,15,5,163,38
201341,117,24,22,161,14,24,26,102,162,93,129,121,0,158,1,23,179,327,6,27,99,68,28,21,13,170,23
201342,114,24,13,183,13,34,20,130,147,77,126,105,1,184,1,22,131,387,9,30,97,60,29,20,5,171,31
201343,175,30,14,199,16,39,37,145,131,78,127,91,1,176,1,34,137,390,3,16,137,65,37,16,7,203,37
201344,154,58,20,196,19,58,44,149,133,71,118,78,0,168,0,50,129,348,13,16,106,88,42,27,8,147,50
201345,140,58,17,205,12,69,54,161,145,83,116,73,1,168,0,37,127,417,20,16,158,48,58,15,9,140,57
201346,163,55,15,208,15,63,62,150,171,75,170,84,0,187,0,38,142,536,23,34,161,62,88,8,10,158,54
201347,210,86,17,318,27,85,77,195,217,89,194,59,4,191,2,50,209,676,30,19,215,79,103,19,4,220,75
201348,217,86,20,299,17,82,79,215,216,55,149,55,1,188,2,51,175,631,12,41,212,89,98,19,3,177,84
201349,314,80,24,345,16,104,98,231,153,69,182,91,1,185,0,51,171,798,31,25,221,136,122,6,3,233,67
201350,247,89,24,394,14,110,101,200,109,64,172,76,0,186,1,71,165,842,22,19,194,103,73,8,3,253,85
201351,201,33,10,412,13,161,86,197,90,49,112,52,2,170,0,71,141,797,29,17,152,103,78,18,3,215,55
201352,211,48,6,354,9,162,83,213,58,58,90,56,2,171,0,61,85,799,31,15,128,72,44,19,4,295,50
201401,311,69,15,542,10,220,134,260,73,63,175,67,2,96,3,126,143,1269,37,30,157,178,41,8,9,478,62
201402,370,104,28,797,10,297,132,428,106,66,148,91,2,120,6,162,212,1692,27,53,218,280,45,25,4,584,79
201403,363,124,24,977,3,312,129,620,114,52,174,72,4,157,2,214,266,1865,36,64,230,237,39,21,6,717,96
201404,325,164,19,1258,14,332,146,830,136,95,226,84,2,162,2,225,403,2430,41,59,271,265,42,13,2,654,122
201405,259,153,43,1562,11,534,121,1279,180,120,235,86,0,117,8,235,395,2815,28,69,234,253,54,17,9,547,151
201406,272,138,59,1946,12,616,123,1778,245,119,264,123,1,178,4,362,417,2855,30,72,290,207,71,15,9,506,144
201407,235,165,55,2287,14,743,140,3011,268,113,261,118,2,177,21,316,438,3045,46,89,307,229,66,17,7,528,173
201408,227,174,81,2325,8,812,128,3670,259,136,283,105,3,144,8,306,357,3040,38,78,329,274,57,8,6,562,159
201409,166,137,71,2061,15,819,107,3725,170,123,212,87,0,172,2,313,245,2517,40,81,266,258,57,8,4,448,105
201410,179,165,63,2134,19,857,122,4649,195,146,236,95,2,150,12,337,339,2487,36,95,241,212,61,14,12,519,76
201411,195,150,69,2275,19,1017,129,6128,236,160,367,140,0,193,8,397,378,2886,45,81,282,301,59,14,11,528,109
201412,185,191,94,2743,30,1214,118,8712,209,241,407,115,3,206,5,367,408,3341,70,113,279,246,53,15,16,554,115
201413,207,156,94,3035,44,1368,97,12791,304,263,473,116,4,251,7,411,367,3536,59,110,233,286,54,19,43,511,130
201414,201,175,89,3104,42,1409,81,15646,287,316,570,173,5,205,4,387,538,3529,90,185,259,215,64,21,70,529,121
201415,182,134,86,3640,43,1655,96,20100,319,372,681,151,5,269,11,450,481,3754,67,184,259,235,48,12,61,628,100
201416,155,115,87,3642,47,1477,76,23519,285,321,606,156,6,219,5,520,511,3327,79,172,178,190,28,6,44,516,112
201417,179,135,100,3902,86,1438,94,22296,367,377,764,191,8,285,4,657,607,4131,81,239,232,218,30,20,65,671,126
201418,198,130,88,3177,139,1347,111,19635,392,391,614,201,8,277,9,815,654,4030,112,379,169,154,41,23,89,556,104
201419,199,142,87,2650,132,1245,95,15564,500,474,550,261,2,337,4,939,701,3894,101,415,168,148,54,22,164,564,112
201420,192,102,88,2282,145,1120,102,14588,607,486,522,240,3,463,4,938,825,3650,91,468,165,129,39,15,101,550,85
201421,135,76,61,1889,125,844,97,10226,562,451,655,246,8,443,1,825,883,3667,103,533,127,115,32,28,92,544,63
201422,119,93,68,1626,120,489,87,7427,423,458,545,238,5,514,2,794,862,3246,95,408,101,106,34,35,76,563,41
201423,135,65,60,1276,126,215,106,4679,344,456,473,229,1,518,1,659,991,2749,98,487,108,95,37,20,59,594,36
201424,132,55,44,988,76,229,89,3445,287,372,315,167,3,512,1,464,776,1980,105,398,92,66,28,37,38,444,40
201425,122,55,49,612,68,164,53,2863,277,294,244,167,0,467,0,374,766,1493,108,338,96,76,30,34,45,394,31
201426,96,52,64,514,62,162,62,2112,320,249,235,139,2,407,2,274,776,1230,129,307,70,73,22,26,21,406,35
201427,95,40,50,366,69,132,36,1460,314,248,220,135,1,507,0,250,817,1028,90,253,65,67,22,20,14,318,43
201428,89,41,52,323,63,83,29,1096,291,247,216,133,3,494,1,232,761,860,119,223,61,63,14,27,25,322,27
201429,92,35,46,224,44,87,24,810,200,220,170,121,2,438,1,142,679,785,110,256,49,46,21,48,18,304,18
201430,75,49,45,180,48,69,18,741,207,173,174,126,2,403,0,113,721,657,167,195,60,48,15,20,20,318,25
201431,86,35,49,170,43,56,32,526,199,120,193,100,1,352,1,104,543,654,221,116,55,42,15,39,22,262,29
201432,78,36,52,132,22,57,28,395,177,133,176,76,1,408,0,57,515,557,247,112,40,60,17,23,24,222,31
201433,96,33,47,130,31,55,28,348,185,121,147,77,1,343,0,56,458,686,295,99,60,52,15,51,12,196,20
201434,90,33,42,127,33,66,29,316,144,110,167,74,0,332,1,24,409,594,527,116,51,51,13,31,8,202,16
201435,96,55,34,110,24,58,24,333,116,83,150,58,1,297,0,20,338,449,922,68,44,42,13,13,4,203,15
201436,107,52,33,135,36,67,20,337,132,116,147,68,4,264,0,21,291,394,1308,81,55,48,17,36,14,178,18
201437,86,39,35,159,28,45,16,331,126,80,130,54,1,227,1,20,272,508,1760,56,91,52,4,29,15,203,23
201438,100,39,38,146,21,37,17,362,89,85,111,56,0,219,0,10,274,495,1732,65,80,48,18,35,48,172,16
201439,95,58,19,139,23,50,24,318,119,102,168,50,4,203,0,16,244,478,1791,56,49,38,13,30,45,209,30
201440,112,63,14,148,19,71,36,356,125,88,151,65,4,195,0,11,237,520,2068,39,68,47,25,20,79,157,15
201441,89,109,12,146,36,72,33,373,133,96,145,60,5,158,1,16,195,616,1802,39,77,23,19,31,90,126,35
201442,89,64,21,145,23,56,27,399,125,108,140,64,7,176,0,15,186,570,1917,33,59,23,24,13,104,128,41
201443,95,40,12,156,22,91,39,433,117,128,128,58,0,178,0,8,174,606,1711,38,72,35,26,18,115,93,46
201444,87,54,19,162,14,66,30,494,105,115,106,43,5,123,0,13,129,640,1381,36,59,54,51,17,119,131,43
201445,72,72,23,217,20,71,38,582,181,156,116,69,0,130,0,11,172,615,1291,44,62,58,65,15,95,155,36
201446,80,47,24,185,23,56,32,587,142,153,107,43,4,131,0,24,189,676,1349,41,67,55,108,21,80,166,33
201447,69,49,24,234,23,84,39,735,127,163,114,34,4,128,1,16,222,962,1352,48,84,46,66,19,48,126,44
201448,67,48,26,188,62,85,50,702,118,150,90,38,2,120,1,11,205,747,1287,37,99,53,54,10,36,149,32
201449,76,61,47,264,36,60,52,949,142,180,132,63,0,85,0,26,231,893,1048,27,107,58,53,30,32,136,47
201450,102,54,63,212,26,82,55,1160,139,214,102,49,1,94,1,18,266,968,914,34,84,81,34,15,33,134,60
201451,148,37,56,202,24,89,55,1212,143,201,91,41,0,80,2,18,261,1043,665,22,87,62,35,19,16,118,39
201452,113,30,54,177,37,64,48,1458,138,135,81,27,3,76,1,27,196,812,506,23,53,55,25,17,19,80,50
201453,169,37,63,308,57,80,40,2351,110,260,92,31,2,66,6,70,228,1111,379,20,69,65,30,10,44,122,70
201501,439,70,66,643,68,198,80,4922,287,435,172,59,11,148,0,62,350,2233,574,54,152,73,48,16,91,235,186
201502,547,70,130,1044,68,269,67,7360,350,543,153,45,16,188,1,59,371,2643,619,37,149,70,36,30,74,248,296
201503,845,83,182,1317,73,448,77,13278,433,607,270,71,34,217,11,74,451,3794,610,52,222,127,32,27,102,201,410
201504,756,103,119,1526,67,568,94,18581,405,669,359,91,82,273,5,122,531,4278,430,56,209,76,32,18,112,178,485
201505,825,134,101,2028,71,758,110,24696,491,832,483,109,126,333,3,157,653,4788,448,86,253,140,60,16,171,198,546
201506,777,119,128,1940,93,737,163,26487,546,794,513,121,170,246,9,141,567,4376,339,88,221,86,38,14,87,123,599
201507,912,182,171,2331,109,850,175,32130,679,1101,700,160,161,257,11,179,629,4853,299,97,282,116,52,6,161,158,801
201508,1191,211,266,3053,133,1215,197,40325,867,1537,1150,263,194,226,15,177,759,5665,276,155,316,95,49,13,140,161,853
201509,1863,255,390,4430,168,1862,288,52604,1124,2599,1440,365,232,302,28,242,1174,6956,235,252,373,136,64,10,270,205,880
201510,2247,331,505,5737,192,2501,301,60261,1318,3319,1797,522,293,358,93,255,1490,7327,189,298,468,150,83,22,185,291,992
201511,2793,305,567,6963,277,3095,347,63682,1400,4122,2495,601,363,441,135,283,1415,7862,201,460,522,146,59,18,178,326,1268
201512,2453,283,466,7394,219,3468,384,54823,1588,4371,3121,665,374,419,155,315,1565,6860,160,604,457,116,47,19,104,366,1416
201513,2553,202,501,9409,184,3643,296,47711,1368,4675,2677,674,334,414,179,341,1618,6988,96,510,570,93,59,16,128,348,1316
201514,3435,265,453,13179,281,4325,332,54018,1977,5274,2618,907,393,528,250,532,2262,8213,81,552,619,119,76,37,148,448,1622
201515,3610,256,425,13681,246,3526,329,47792,1588,5525,2446,935,343,710,170,644,2539,5677,60,625,737,120,48,17,84,573,1345
201516,3417,229,361,15572,182,3082,277,44101,1339,5572,2101,1004,287,680,130,718,3154,7165,64,496,753,102,67,22,73,705,1363
201517,3962,221,290,17570,110,2999,301,39129,1067,4783,1940,991,226,699,109,759,3035,8717,68,433,770,92,57,29,71,871,1405
201518,3866,243,260,15848,146,2244,312,29205,868,4570,2321,1379,209,885,108,840,3691,8967,54,417,871,87,54,15,77,981,1090
201519,3852,219,218,13382,108,1400,251,19806,724,3553,2041,1413,146,853,45,607,4379,8235,44,404,876,75,45,28,89,1015,755
201520,3148,204,174,9858,78,1051,292,13626,581,2958,1741,1432,116,827,36,562,4295,7252,50,391,751,87,39,20,51,917,586
201521,2538,159,151,6664,86,958,229,9425,439,2153,1772,1211,76,776,30,444,3614,6076,39,233,719,64,33,18,48,934,520
201522,2270,157,134,4867,47,774,164,6805,315,1835,1434,1055,48,675,13,427,3241,4692,48,196,506,101,36,24,46,812,408
201523,1984,142,124,4383,34,584,211,4871,249,1713,1276,728,36,708,17,376,3047,4409,29,182,504,71,31,47,51,958,372
201524,1752,146,101,3285,33,459,187,3879,192,1295,1136,511,24,701,10,319,2957,3734,50,134,518,35,28,41,38,856,332
201525,1201,102,61,2079,21,227,145,2389,142,927,829,466,18,671,6,206,2325,2488,27,74,365,31,25,25,32,682,196
201526,1009,99,64,1300,31,175,116,1454,146,760,946,475,10,636,5,103,1880,1766,19,75,334,40,24,20,48,756,125
201527,918,98,59,1028,35,113,94,799,107,723,1113,476,7,608,1,70,1582,1147,21,69,292,39,18,27,32,720,103
201528,823,95,38,728,23,87,94,850,97,606,1179,468,7,566,2,79,1242,1018,13,38,201,55,18,43,31,602,83
201529,793,98,54,622,32,121,75,924,91,512,1005,380,10,498,4,82,1045,1027,13,47,222,71,8,43,27,623,112
201530,701,112,29,448,27,102,83,652,111,450,973,260,4,430,4,42,925,789,9,37,192,42,10,41,36,635,95
201531,694,129,46,363,30,90,73,515,80,508,808,231,4,353,3,37,885,663,10,29,192,48,16,42,35,683,92
201532,655,139,37,309,170,109,73,565,65,578,697,182,2,329,4,32,821,605,12,46,267,38,10,41,33,653,81
201533,492,122,41,271,206,74,57,451,63,520,576,169,7,343,10,35,683,544,14,29,260,36,18,42,33,517,79
201534,439,110,33,218,179,61,42,367,42,526,542,133,5,323,3,23,529,436,10,27,183,38,9,41,34,549,92
201535,385,104,28,215,175,53,49,298,40,899,546,103,4,407,4,20,460,380,7,17,196,30,11,39,36,491,87
201536,365,145,36,195,310,51,21,309,51,849,568,107,1,367,2,18,395,417,18,30,187,49,20,34,35,561,94
201537,332,98,34,282,355,48,32,374,45,907,521,95,7,350,4,23,325,427,14,21,169,48,11,34,21,692,85
201538,361,106,50,254,433,66,46,394,52,737,446,92,6,391,3,10,260,411,13,14,182,30,21,26,19,585,106
201539,364,104,35,256,305,74,34,418,47,1021,442,55,0,441,3,35,241,425,12,22,201,52,26,10,24,660,125
201540,345,102,36,277,262,56,35,412,68,1025,395,60,5,445,1,34,173,437,10,21,187,48,33,17,32,845,113
201541,340,101,32,285,222,79,42,469,46,993,385,44,4,508,1,15,150,578,21,23,228,31,31,5,16,747,142
201542,380,94,68,351,265,70,53,489,73,1264,352,48,0,688,5,13,122,564,16,18,237,22,30,9,14,874,197
201543,351,70,48,384,230,75,35,519,51,1740,348,51,7,690,3,20,109,558,18,25,235,27,44,4,23,879,279
201544,506,106,64,514,301,122,61,655,64,2979,462,70,10,751,0,20,117,756,12,10,288,30,36,4,22,928,356
201545,647,111,42,697,504,147,75,828,63,3603,563,72,7,1202,6,50,141,870,18,24,384,26,45,2,41,954,553
201546,766,85,58,1004,441,221,102,1004,106,4205,545,147,11,1297,4,40,145,999,20,20,491,35,57,2,25,889,711
201547,983,159,88,1327,595,281,121,1257,98,3570,719,232,11,825,11,51,149,1013,16,31,713,30,62,3,7,1120,1008
201548,1409,189,171,1851,438,323,200,1560,164,4702,1056,475,14,863,11,78,185,1446,31,36,1087,48,97,3,19,1313,1525
201549,1882,240,160,2611,293,456,227,2050,186,4568,1234,834,21,851,13,104,194,1697,51,27,1120,64,81,11,18,1761,1604
201550,2204,176,121,3129,161,603,210,2410,192,4186,1044,738,12,726,23,166,175,1715,36,30,805,84,111,5,15,1683,1754
201551,2067,106,104,3759,77,628,198,2759,207,2909,857,828,34,486,14,160,122,1842,20,30,690,89,117,3,10,1490,1655
201552,2443,144,89,5751,59,776,229,3967,228,2291,1041,673,43,461,31,228,104,2108,27,37,928,40,189,2,11,1783,1967
201601,4208,218,264,10576,75,1338,352,5761,475,4103,1354,849,69,589,40,536,235,3411,30,51,1418,54,336,6,26,2701,3352
201602,3819,340,567,12775,79,1928,411,7080,687,4147,1766,932,60,649,26,529,256,3951,61,64,1498,96,417,1,18,2305,4041
201603,4251,374,699,14332,110,2900,369,8508,1029,4212,1757,1195,106,604,40,646,323,4456,105,73,1498,142,607,4,38,2435,4553
201604,3911,439,938,17211,131,2889,464,10179,1690,4512,2382,1428,132,607,48,629,472,5044,161,96,1446,175,478,3,44,2378,4065
201605,3652,443,828,21600,224,3317,463,10465,2580,4535,3209,1269,174,626,53,1044,509,6464,228,130,1671,174,425,0,33,2483,3899
201606,4022,467,1286,26550,285,3919,502,12595,3701,5392,4425,1404,308,780,60,1405,542,6686,220,115,1731,171,530,8,75,2718,3691
201607,4707,688,1380,38020,405,4153,611,13029,5232,4801,6432,2084,362,822,105,1379,834,8720,170,121,1746,294,632,4,86,2739,3497
201608,4078,567,1233,42456,200,4594,489,12514,5174,4325,6444,1881,378,828,156,1097,890,8450,141,106,1255,241,593,4,71,2518,2902
201609,3904,522,1915,39563,199,4736,399,12205,5768,3702,5691,2307,551,853,210,1106,876,8082,122,151,1069,364,541,7,97,2548,2656
201610,3982,464,1739,38331,130,4332,371,11598,4958,2909,5365,2415,485,879,258,1200,965,7362,85,120,846,278,391,15,136,2452,2203
201611,4313,417,1248,37082,111,3874,254,11558,4355,2163,3933,2204,351,689,245,1180,1007,6874,50,151,636,199,295,8,82,2031,1745
201612,4544,340,1146,31470,106,4356,214,10572,3053,1873,3590,1905,376,850,312,1037,1157,5924,71,144,538,285,261,12,60,1692,1662
201613,5216,417,1380,34344,103,4069,244,10430,2435,1424,3208,1962,354,894,252,969,1494,6423,61,236,496,393,270,9,96,2078,1630
201614,4935,448,1278,35627,99,4018,227,9476,2082,1448,2587,1785,269,710,252,949,1740,5937,66,386,371,373,249,3,83,1714,1270
201615,4995,475,1219,30729,112,3635,234,8135,2023,998,1990,1673,295,628,256,919,1931,5446,58,468,352,437,204,1,64,1477,1221
201616,3886,349,1666,24494,90,2981,210,6995,1457,789,1534,1177,280,661,277,722,2581,4097,46,391,223,390,130,1,54,1213,848
201617,3536,284,1314,20812,46,1677,222,5509,1245,631,1174,1020,236,523,203,630,2977,3466,28,301,181,410,77,2,56,849,533
201618,2309,309,817,15120,40,837,237,3492,1001,545,1083,1104,84,581,104,573,2873,2916,31,267,186,250,73,3,48,566,288
201619,2068,304,353,9565,32,559,217,2253,938,497,953,947,38,550,53,487,2501,2590,23,286,131,224,72,3,54,425,175
201620,1442,181,484,6562,38,354,145,1722,1018,542,671,1043,27,432,32,350,2595,2057,16,219,86,225,55,1,36,366,112
201621,951,132,354,3787,39,215,104,1113,707,408,434,780,14,356,23,262,2433,1498,16,125,80,168,40,0,33,193,77
201622,828,136,174,2606,26,137,116,741,656,368,441,703,9,321,10,267,2091,1224,20,118,101,146,32,2,24,263,79
201623,683,104,120,1547,28,67,90,448,630,402,388,616,6,319,5,214,1872,1123,10,102,79,192,32,4,19,173,42
201624,370,113,103,985,21,79,50,394,443,369,283,520,2,327,4,146,1827,868,19,105,59,174,19,1,20,126,22
201625,285,104,82,611,21,69,42,291,422,293,197,432,2,305,4,90,1355,752,17,122,57,157,22,3,21,101,32
201626,284,116,68,392,22,72,31,262,351,274,210,337,5,269,4,73,1262,516,16,107,52,108,23,3,13,104,38
201627,280,96,83,315,37,52,34,200,260,247,193,266,5,200,3,64,1282,482,19,76,47,116,18,3,17,98,22
201628,257,107,33,247,38,55,34,201,281,306,232,190,6,240,1,49,986,425,16,52,51,85,26,4,16,112,17
201629,200,75,23,178,32,29,26,134,249,200,209,175,4,160,5,49,999,355,12,30,35,88,24,5,14,80,15
201630,172,68,40,147,41,37,24,151,136,201,176,107,9,193,4,22,848,356,9,41,31,75,15,4,19,71,16
201631,142,81,59,139,45,32,18,135,96,218,177,66,6,151,5,25,753,336,15,43,57,47,5,11,21,73,24
201632,105,79,46,136,42,31,12,131,143,242,156,60,4,137,4,16,599,357,4,31,51,41,7,3,23,74,24
201633,125,74,41,175,39,26,26,117,117,223,141,59,3,118,1,25,637,378,13,34,77,51,7,8,38,82,28
201634,85,67,33,148,38,29,13,130,137,191,143,46,2,100,2,16,524,344,8,38,48,49,3,10,18,71,22
201635,87,63,27,120,33,28,17,120,108,159,132,44,4,103,5,20,319,370,15,26,36,24,6,7,15,82,18
201636,82,59,31,151,18,19,10,121,96,137,140,28,5,103,0,17,308,309,10,15,59,37,13,4,15,74,19
201637,114,80,28,177,29,36,18,129,77,145,145,28,3,65,1,20,306,362,7,18,54,34,8,7,23,102,23
201638,98,51,15,144,28,31,12,119,75,131,122,24,1,100,0,16,312,417,8,21,83,51,9,3,34,64,27
201639,63,48,8,147,18,42,14,149,55,118,104,17,4,71,5,28,271,395,6,20,65,40,12,2,38,47,25
201640,74,57,4,122,31,42,18,131,52,145,148,9,2,40,8,14,280,403,9,25,69,39,5,3,28,65,26
201641,68,88,12,167,14,65,14,197,56,112,129,14,4,52,2,9,243,495,14,24,55,33,14,6,21,81,26
201642,110,52,36,203,24,68,12,241,39,115,192,17,7,50,6,25,227,524,10,23,62,49,14,4,14,106,39
201643,120,58,21,209,36,57,27,189,50,123,227,29,8,43,5,17,214,526,11,12,77,37,16,2,7,57,17
201644,107,59,27,244,22,85,31,235,37,136,164,19,6,47,1,31,290,510,14,15,82,42,26,2,10,82,20
201645,126,53,46,217,16,72,29,278,44,111,194,19,7,30,7,17,367,557,18,10,75,41,24,3,13,102,25
201646,136,84,36,294,16,65,37,270,60,115,164,15,5,37,9,23,463,610,13,17,114,54,49,4,8,133,26
201647,199,56,44,337,12,103,41,252,59,119,205,17,9,24,4,28,426,700,18,20,112,46,76,0,9,161,22
201648,232,59,26,346,11,79,51,262,70,98,245,13,6,31,6,25,439,763,19,19,161,51,143,0,9,259,38
201649,278,91,93,421,29,80,45,253,65,113,252,16,9,47,16,39,303,778,25,16,148,54,129,1,5,212,43
201650,217,115,51,365,24,81,44,213,52,108,255,11,9,21,13,33,232,847,29,18,182,45,139,3,7,203,36
201651,236,123,42,411,19,66,24,249,54,86,339,23,7,29,14,33,157,715,28,23,152,43,96,6,13,202,42
201652,211,80,48,478,9,66,54,254,70,90,358,13,12,37,12,38,182,761,30,16,198,35,103,1,8,222,39
201701,314,180,66,859,19,77,100,186,117,113,429,41,9,18,17,50,323,1081,49,29,295,100,129,4,27,277,50
201702,344,231,93,1116,18,78,119,234,127,125,405,36,12,42,14,43,410,1022,58,26,247,98,130,2,37,259,55
201703,408,369,109,1147,13,97,130,220,101,115,519,46,6,45,8,51,589,1290,80,42,272,134,144,4,39,298,70
201704,417,788,104,1110,29,95,171,214,121,119,445,37,6,38,6,61,644,1530,85,43,278,131,124,1,35,266,61
201705,415,901,252,998,11,68,184,272,121,112,460,57,3,34,6,98,802,1698,79,44,304,214,142,2,53,187,87
201706,407,455,312,1113,7,80,181,259,86,113,444,59,4,40,5,67,956,1672,66,41,405,205,113,2,65,156,76
201707,404,494,590,1249,12,82,240,282,129,127,374,68,5,37,7,64,1181,1761,64,50,392,136,139,4,32,192,65
201708,264,349,625,980,10,79,173,297,196,99,355,63,2,28,1,48,1060,1497,35,88,369,76,123,4,37,192,57
201709,338,400,490,1090,9,59,214,246,271,110,335,94,9,39,7,76,1148,1738,49,73,360,104,105,1,52,327,52
201710,358,414,373,1286,11,49,175,272,366,154,296,78,8,55,1,113,1451,2202,66,132,456,110,125,2,64,352,52
201711,382,398,291,1182,10,72,211,256,279,153,268,103,7,40,2,130,1620,2327,52,120,379,121,81,10,39,329,54
201712,385,295,309,1140,24,51,259,264,238,191,310,107,3,51,5,171,1826,2383,39,168,488,178,61,15,29,251,65
201713,338,192,243,1046,29,40,192,241,204,143,310,103,4,70,6,155,2484,1938,36,155,441,137,51,10,22,204,57
201714,314,178,217,943,18,34,207,236,263,152,319,73,4,64,3,155,2956,2409,44,181,342,150,42,6,30,211,66
201715,282,128,230,817,18,44,205,224,241,139,272,83,2,48,1,157,3363,2295,45,210,330,156,47,9,29,176,47
201716,364,95,250,907,23,36,226,236,240,277,259,79,5,86,3,147,2955,2574,27,236,268,102,26,10,19,201,41
201717,349,77,211,764,16,26,174,161,185,202,216,81,9,113,3,160,2798,2650,13,232,244,84,22,8,21,172,32
201718,325,132,221,821,22,34,210,175,200,255,202,69,4,79,4,195,1858,3083,30,244,188,85,29,12,28,212,34
201719,259,116,227,678,20,32,187,144,206,277,236,71,4,131,2,191,1762,2962,21,307,228,52,20,12,23,202,34
201720,268,104,220,593,20,31,187,142,139,328,205,95,2,125,1,207,1527,2718,18,418,226,66,21,8,20,139,34
201721,187,62,127,532,10,31,171,120,101,241,194,82,3,80,4,244,1093,2465,21,364,174,60,13,15,35,146,32
201722,252,53,133,530,13,19,119,144,148,253,181,97,4,142,1,236,998,2585,23,244,173,48,20,11,17,156,25
201723,237,58,136,407,18,23,105,89,149,340,152,75,2,145,0,191,830,2063,18,219,129,48,13,13,14,119,21
201724,156,45,113,307,10,25,68,92,177,303,131,84,1,155,1,173,573,1592,15,228,114,48,17,10,6,86,20
201725,173,59,115,296,8,12,63,80,145,231,136,87,4,78,0,123,466,1455,4,190,105,54,18,6,7,127,29
201726,153,59,73,240,8,17,51,90,100,185,140,80,1,99,1,115,456,1155,14,132,117,39,9,12,5,96,20
201727,154,55,58,146,3,19,32,66,101,181,149,66,1,69,0,56,405,754,16,155,70,44,12,6,0,54,15
201728,133,43,72,134,9,12,27,78,98,205,144,72,1,69,3,34,289,660,17,123,73,44,6,10,4,49,19
201729,104,43,72,138,8,10,29,65,131,148,88,85,0,70,2,31,216,506,10,91,59,43,11,10,7,62,7
201730,99,44,37,107,2,10,31,55,98,129,90,92,3,54,2,24,259,393,12,65,69,62,12,7,5,67,20
201731,94,48,70,107,10,21,44,66,127,190,90,108,0,60,2,18,181,424,11,67,60,42,10,7,10,85,19
201732,78,54,63,110,7,17,22,87,172,158,111,93,2,55,0,26,172,383,10,53,70,67,12,2,5,55,20
201733,81,53,42,123,9,17,27,75,159,136,99,131,0,43,0,41,141,378,10,39,82,53,12,8,4,55,15
201734,71,57,54,109,5,27,13,100,142,154,91,93,1,54,0,25,105,344,11,63,65,49,11,3,2,50,16
201735,74,29,38,101,8,27,15,118,121,134,97,77,2,36,2,21,85,371,11,64,49,67,10,1,2,52,19
201736,69,33,39,114,17,35,11,113,116,120,54,55,1,49,0,27,91,285,6,38,43,68,13,4,4,30,19
201737,69,35,36,138,10,53,18,153,130,118,62,93,4,31,3,38,101,377,16,28,45,79,12,4,4,52,30
201738,89,34,21,118,15,55,14,202,129,92,77,74,1,36,3,24,74,372,3,23,47,53,12,3,8,50,37
201739,73,50,24,117,10,44,10,193,72,112,82,67,3,33,1,24,62,365,11,17,46,62,10,0,8,41,24
201740,109,36,23,147,16,36,20,222,93,91,74,70,2,30,3,27,67,415,21,20,53,48,11,3,5,48,24
201741,101,51,17,131,10,38,13,232,85,94,59,81,5,37,2,33,63,451,25,20,47,30,7,3,9,50,34
201742,111,48,23,173,5,51,22,220,110,96,98,72,2,30,5,20,62,591,38,17,83,24,6,3,5,48,46
201743,93,44,22,139,6,35,27,216,94,94,80,43,4,30,3,23,47,416,23,11,56,17,10,0,4,51,38
201744,81,40,26,142,10,31,19,208,108,69,67,92,3,24,4,25,73,345,31,14,57,25,12,2,6,38,64
201745,110,54,41,128,10,46,14,235,131,85,59,72,3,38,2,36,78,480,41,15,73,39,12,3,6,52,66
201746,135,43,30,164,10,48,22,227,90,75,76,84,4,31,2,35,65,531,55,12,76,25,26,1,0,41,85
201747,115,37,26,164,7,49,29,198,73,76,60,65,2,33,3,28,74,453,66,13,89,42,25,1,3,56,74
201748,132,47,22,183,7,53,38,246,74,92,78,63,4,44,5,22,48,397,69,14,101,39,16,1,8,62,110
201749,167,39,22,199,2,56,24,235,95,97,83,73,2,33,6,32,57,475,99,24,130,31,22,2,5,70,79
201750,151,63,30,277,4,52,26,228,103,120,75,85,4,23,3,43,62,452,85,26,94,25,21,0,5,94,108
201751,137,28,41,257,3,37,23,191,59,85,77,48,5,8,4,43,71,440,80,28,154,27,27,1,5,83,80
201752,137,37,35,223,3,27,21,183,71,62,72,41,0,8,1,32,47,519,78,23,175,43,18,1,5,79,53
201801,189,49,47,330,3,33,30,219,75,123,93,58,4,32,4,45,50,1186,103,40,311,51,19,0,6,79,93
201802,228,52,71,392,2,40,37,285,87,114,114,56,2,54,4,50,49,1608,108,37,309,46,32,0,13,98,101
201803,353,68,43,499,1,35,54,315,94,101,173,52,5,34,5,62,68,1987,116,64,268,73,22,0,23,103,129
201804,303,55,39,553,2,34,49,298,81,95,146,43,7,30,4,43,71,2228,111,60,360,67,14,1,18,97,116
201805,415,67,28,513,2,64,49,332,109,127,139,97,3,21,8,48,111,2717,98,46,421,60,29,0,22,89,91
201806,348,102,46,503,2,48,40,280,143,115,116,93,3,51,7,60,110,2305,107,37,385,50,16,0,21,109,74
201807,382,114,61,602,1,31,33,329,187,156,161,114,4,31,4,56,108,2578,122,58,301,75,24,0,22,137,76
201808,466,136,43,577,6,36,38,359,229,209,191,105,9,34,5,42,95,3134,82,44,261,72,10,0,16,112,92
201809,493,153,63,734,3,26,52,393,308,220,266,132,6,28,3,52,149,3575,94,59,337,92,12,0,27,188,77
201810,605,201,42,904,0,27,66,448,392,261,270,128,4,33,5,52,129,4039,91,60,278,65,7,1,27,219,85
201811,698,211,57,1000,7,25,58,497,543,288,246,157,7,36,6,58,162,3867,89,76,294,72,13,1,32,247,73
201812,696,147,61,1132,6,30,74,462,520,335,208,185,0,31,3,50,147,3817,86,50,281,73,17,0,32,283,91
201813,678,113,49,1229,4,43,67,455,546,328,215,185,2,16,3,57,172,3755,81,42,161,82,13,0,24,229,71
201814,891,204,102,1601,2,57,110,585,798,466,344,374,5,43,2,69,222,4252,83,33,238,88,18,0,44,337,72
201815,831,161,77,2119,9,73,108,573,1003,476,464,343,7,44,6,78,260,4201,69,43,238,76,11,1,33,378,77
201816,609,129,134,1871,8,57,92,607,1152,509,504,555,8,50,1,67,207,4096,80,54,179,65,14,0,35,320,84
201817,502,98,107,1393,4,59,97,494,1163,426,473,599,13,44,5,56,126,2989,56,67,145,55,12,0,26,285,62
201818,488,134,129,1349,11,56,95,603,1185,355,485,643,8,52,3,58,111,4003,77,77,187,53,27,1,20,291,92
201819,480,122,111,1199,10,57,106,592,1065,366,439,683,5,60,2,99,94,3924,77,76,175,52,11,0,22,357,83
201820,455,121,121,1036,12,40,84,488,983,320,366,668,9,90,0,78,100,3317,50,62,134,54,9,0,13,287,63
201821,306,74,111,678,8,29,45,395,1008,293,272,594,5,78,1,41,83,2338,91,47,104,40,10,1,8,319,43
201822,271,51,71,459,5,9,53,293,863,281,265,491,2,65,3,52,75,1821,60,91,101,27,12,2,11,223,30
201823,229,66,38,444,9,13,35,289,957,277,234,453,3,77,1,38,81,1699,48,59,91,48,9,0,13,275,47
201824,245,66,34,425,4,16,27,258,1003,282,227,454,3,90,2,48,90,1524,46,51,86,53,5,2,11,237,19
201825,210,38,23,289,4,12,21,241,843,211,150,377,1,53,0,46,93,1327,41,46,71,47,4,1,6,257,37
201826,223,32,18,255,1,30,21,208,684,221,131,272,3,45,0,41,102,843,32,34,58,27,6,3,4,275,53
201827,263,21,14,247,4,17,21,193,719,191,148,279,0,56,1,26,97,792,39,36,71,35,6,2,13,247,34
201828,203,34,14,195,6,13,17,162,646,207,94,253,1,32,1,33,61,625,47,27,58,44,5,1,8,241,25
201829,193,24,24,144,8,8,8,160,719,241,111,263,1,57,0,25,60,554,52,25,42,45,9,4,7,194,19
201830,159,35,10,127,1,8,8,162,538,200,117,218,2,51,2,24,61,448,50,33,39,45,5,1,4,179,21
201831,116,40,22,139,1,9,9,165,513,175,103,209,3,53,2,25,55,526,49,33,40,39,7,8,14,174,15
201832,140,58,33,101,4,9,20,116,529,189,120,194,0,36,0,14,77,445,42,26,37,29,7,7,14,165,14
201833,99,55,18,98,8,8,14,102,453,188,114,159,0,53,1,17,52,460,51,30,40,31,3,3,11,166,7
201834,103,64,15,132,7,9,22,123,397,204,107,129,1,49,0,20,60,477,46,28,43,39,4,6,14,157,20
201835,80,42,10,109,1,10,6,96,369,143,77,119,1,40,0,18,50,430,51,22,36,40,7,8,12,113,18
201836,64,27,17,100,4,7,14,91,295,140,75,84,2,19,2,21,54,402,45,20,32,23,5,1,7,96,13
201837,72,30,23,103,3,4,11,108,292,130,84,70,1,38,2,20,38,415,124,21,49,36,5,1,6,115,10
201838,82,29,21,130,3,12,16,114,209,122,78,65,3,35,0,25,46,469,161,19,23,34,4,1,8,128,12
201839,57,19,7,156,3,9,16,141,190,117,87,74,1,36,0,27,35,507,138,13,25,20,7,6,8,117,30
201840,93,32,12,161,3,20,14,139,201,172,89,73,2,28,3,29,33,639,167,13,23,27,2,2,7,134,27
201841,74,19,16,169,9,15,14,146,179,142,99,82,3,39,1,31,43,503,227,7,30,20,8,10,10,144,23
201842,93,28,25,195,3,21,23,178,167,165,103,70,0,33,2,29,29,674,296,18,41,29,17,6,18,119,26
201843,82,11,12,188,4,33,18,213,139,166,118,56,2,30,4,36,27,704,329,12,25,25,8,4,22,111,24
201844,92,23,12,220,5,21,39,254,137,136,124,61,4,28,0,50,21,673,410,13,53,22,5,1,9,111,47
201845,100,30,28,277,6,17,60,332,147,188,124,63,5,36,2,39,25,724,487,8,84,25,7,3,3,125,112
201846,101,37,6,284,4,13,58,366,141,154,135,69,3,35,3,41,17,792,415,10,58,19,10,3,4,114,145
201847,119,55,11,404,5,19,93,512,113,153,145,70,2,33,1,67,22,1083,418,11,70,24,8,4,8,154,293
201848,149,62,11,473,3,24,136,571,131,173,131,70,4,36,5,74,14,1097,432,10,95,13,4,2,6,229,452
201849,183,49,14,636,3,40,174,732,107,177,128,56,4,26,3,73,26,1301,337,13,127,24,4,4,6,251,644
201850,199,75,8,896,1,39,185,1067,141,170,179,34,5,42,2,90,24,1444,258,23,133,24,3,4,5,333,705
201851,196,33,9,913,2,23,228,1066,101,114,152,58,4,35,1,117,22,1128,300,28,94,35,6,3,7,325,477
201852,201,33,12,1032,3,40,248,1508,98,106,170,37,4,43,4,107,28,1233,243,16,88,31,2,1,7,407,436
201901,288,73,36,1845,2,45,394,2449,118,109,399,46,6,27,8,151,53,1713,387,32,131,25,10,5,2,545,415
201902,305,108,43,2580,6,82,482,3285,125,134,475,78,6,64,12,134,41,1973,358,33,186,57,7,9,3,649,470
201903,323,141,78,3191,4,112,592,4913,130,145,588,80,1,96,10,166,77,1882,386,48,174,57,10,4,3,667,697
201904,345,164,82,4683,6,158,596,7092,125,167,740,112,6,96,4,250,73,2217,399,60,224,36,8,10,1,807,923
201905,332,175,47,5832,2,207,748,9082,107,311,884,98,9,101,4,410,120,2568,281,45,232,52,7,10,11,849,1338
201906,274,208,70,6703,4,304,864,11464,110,387,989,104,14,139,5,502,137,2900,348,66,220,50,9,3,0,899,1530
201907,268,238,135,8151,8,413,656,12450,184,475,1343,166,9,118,5,531,193,3192,322,51,231,59,12,9,4,1054,1811
201908,289,188,118,9202,4,389,693,13163,184,422,1246,197,9,156,8,708,220,3298,299,90,241,58,12,8,8,987,2300
201909,327,141,132,10180,5,468,602,12199,203,328,1127,167,22,149,8,739,181,2974,186,61,188,33,16,6,5,957,3057
201910,476,173,147,11666,12,479,518,12818,219,420,1160,239,35,206,25,770,243,3264,176,99,186,39,4,17,8,1223,3468
201911,645,211,169,15959,19,870,666,15556,352,528,1211,293,65,191,23,999,297,3965,203,149,284,31,15,8,12,1494,4244
201912,1003,193,200,20541,11,1254,676,17859,360,626,1495,310,82,217,37,1410,324,4749,212,201,274,41,18,21,9,1863,4080
201913,1160,177,190,23803,14,1299,628,20611,433,723,1543,309,109,189,43,1456,447,4811,183,266,318,27,9,12,5,2138,4151
201914,1567,166,251,28448,20,1612,645,23485,722,831,1768,443,130,287,61,1521,701,5360,143,317,370,30,20,16,8,2158,3485
201915,1592,169,256,30734,35,1869,598,26853,991,982,1707,611,118,378,72,1493,635,5351,119,304,327,24,21,15,5,2032,4450
201916,1897,173,227,32544,31,2328,523,27345,1157,1091,1966,588,157,381,119,1398,586,5137,103,279,350,40,25,9,8,2039,3684
201917,2033,146,263,40242,41,2553,520,28934,1190,1407,2344,769,155,569,175,1932,593,5712,94,412,409,33,15,8,3,2430,3166
201918,2335,223,220,40058,89,3044,503,28729,1523,1761,2965,918,148,781,171,1964,703,5766,97,494,393,33,18,9,5,2663,3321
201919,2782,134,272,40479,104,3412,428,31058,1430,1833,3254,905,163,905,137,1982,738,6068,72,521,435,31,11,13,5,3227,3239
201920,2268,160,256,35752,155,3281,383,29982,1508,2159,3545,960,174,1024,187,2630,755,6356,74,533,496,25,16,20,4,2907,2602
201921,2027,135,291,30019,172,2382,347,22956,1688,2187,3486,867,146,1198,107,3079,788,5444,54,487,473,22,11,24,3,2989,1759
201922,1598,125,248,23162,169,1815,267,16154,1733,1985,3414,987,109,1236,67,3427,709,4693,45,437,401,29,11,11,2,3787,1509
201923,1226,86,225,15798,186,1439,155,12471,1629,1609,3030,858,82,1204,43,2943,651,3953,32,459,314,29,22,11,2,3318,1280
201924,992,98,175,10031,212,1232,123,9527,1436,1341,2468,746,76,1109,47,2288,711,3300,44,324,306,24,24,24,4,2605,1178
201925,836,74,150,6142,259,1033,85,7434,1352,963,1827,545,57,997,51,1346,605,2232,36,289,224,15,26,13,5,2381,1040
201926,669,60,151,4691,353,937,68,6183,1160,1034,1751,610,62,949,43,910,525,1963,36,257,205,16,16,13,2,2478,733
201927,656,53,116,3169,367,558,47,3610,1212,1028,1896,583,26,858,24,651,546,1491,31,282,175,8,29,12,3,2337,436
201928,387,44,93,1672,372,395,31,2429,1183,954,1854,592,21,1031,6,329,508,1193,37,221,122,19,31,6,5,1703,346
201929,260,44,84,1022,329,227,20,1695,1089,807,1609,583,16,970,9,247,400,1053,27,204,101,10,25,14,0,1185,270
201930,201,48,48,741,454,227,21,1509,1015,612,1408,448,17,794,6,192,368,793,29,171,76,19,41,19,3,1023,214
201931,187,47,61,566,389,193,18,1181,914,631,1305,445,7,575,8,170,404,703,57,115,85,8,33,15,1,924,174
201932,168,50,76,423,286,147,28,887,1010,665,1167,479,8,476,3,129,356,612,38,90,56,11,16,22,2,726,113
201933,149,50,57,351,247,121,16,701,731,704,985,409,5,492,3,122,296,534,18,65,70,10,7,19,5,589,133
201934,94,49,46,333,261,110,18,595,564,809,891,329,9,402,3,92,260,539,35,69,76,14,9,10,2,525,122
201935,105,66,67,283,164,107,15,478,502,650,847,410,2,376,7,74,268,492,49,69,65,14,7,12,2,443,102
201936,131,37,40,319,179,94,15,437,491,659,869,324,0,332,5,99,231,611,30,41,57,11,5,39,2,363,64
201937,105,55,43,330,178,98,14,504,383,685,769,305,4,282,4,106,186,552,46,37,50,21,4,40,1,481,88
201938,94,69,49,304,146,115,11,546,374,608,726,272,2,272,7,108,167,608,36,24,56,23,10,44,2,401,78
201939,67,68,26,252,105,123,7,476,304,536,629,208,3,230,4,134,115,621,25,25,49,51,8,43,2,257,87
201940,102,51,31,261,102,128,17,508,246,621,551,218,4,200,5,131,113,693,70,23,55,72,10,51,3,302,104
201941,88,77,34,243,94,160,18,584,266,534,578,155,7,175,2,135,77,540,114,26,51,92,10,62,6,324,86
201942,102,59,29,265,73,215,28,564,251,460,574,107,1,161,5,115,72,611,138,22,61,114,18,66,4,279,112
201943,97,51,40,267,62,241,42,593,193,422,572,111,3,90,4,117,75,579,228,21,84,152,20,54,0,270,131
201944,94,54,40,249,77,289,37,739,130,365,523,132,2,83,3,152,95,658,266,19,95,136,17,72,4,288,141
201945,114,66,23,320,55,455,44,834,150,339,531,94,5,52,4,103,98,723,417,22,114,190,26,112,4,337,196
201946,104,71,40,279,47,527,52,889,124,345,498,117,5,55,4,140,84,607,512,23,137,216,29,110,0,289,194
201947,87,70,20,381,30,789,59,1095,118,301,486,115,10,56,3,128,87,680,583,19,221,289,31,100,2,263,244
201948,120,48,20,394,14,942,69,1321,146,270,427,100,1,41,6,118,97,661,575,27,216,301,41,96,2,371,248
201949,104,53,24,450,22,1249,67,1604,102,278,419,91,9,38,5,149,84,814,679,26,307,342,56,70,1,425,372
201950,133,39,23,543,20,1500,89,1699,94,261,347,101,13,42,8,161,68,904,592,30,437,381,71,79,1,546,363
201951,146,43,10,507,16,1756,43,1714,96,223,292,95,11,25,7,170,58,695,446,16,334,295,38,90,2,575,369
201952,126,44,16,360,14,1437,30,1568,96,90,259,76,12,19,4,124,38,565,278,12,280,232,23,28,3,500,367
202001,171,88,32,860,7,2572,37,3556,91,137,387,93,25,41,7,256,80,941,531,14,615,297,54,39,2,786,687
202002,222,105,51,1397,12,4671,67,5750,98,187,576,108,26,38,14,410,130,1231,644,19,1063,387,62,40,1,1072,1348
202003,242,153,128,1821,12,6622,61,7914,157,205,629,96,19,48,15,629,177,1430,629,23,1335,314,89,35,1,1400,2179
202004,201,180,129,2083,9,9810,73,10533,167,220,761,129,35,36,8,790,210,1732,388,35,1664,231,120,39,0,1587,3211
202005,212,195,160,2330,5,11276,72,11964,217,232,1016,155,26,31,17,743,262,1741,327,39,1959,227,122,68,3,1514,3315
202006,229,219,164,2890,9,16275,96,15482,232,244,1238,164,45,40,28,1083,458,2230,269,49,2030,206,183,73,1,1804,3600
202007,248,230,276,3214,8,21082,99,16085,195,274,1488,160,87,47,50,1246,552,2270,258,56,1874,189,149,35,2,1974,3848
202008,286,156,223,3188,5,18462,93,12801,168,240,1612,161,117,45,118,1711,629,2126,195,39,1742,157,143,26,1,1886,3528
202009,236,147,165,3485,18,20194,91,13533,188,296,2217,188,152,47,166,1999,819,2336,160,61,1550,169,154,27,2,1746,3695
202010,225,186,177,4308,21,22757,123,14096,240,347,2769,150,279,42,185,2372,898,3107,132,82,1771,252,187,21,0,1951,3593
202011,242,193,132,4626,21,20525,118,11884,252,355,2770,160,342,45,191,2508,1063,2943,132,107,1768,268,228,13,5,1982,3262
202012,148,115,70,3442,10,16565,67,8473,200,232,1993,117,329,22,171,2133,660,2050,68,72,1368,186,176,1,1,1343,2586
202013,132,101,60,3261,4,15463,51,8604,73,181,1909,58,535,22,326,2088,530,1867,53,32,1053,106,173,3,1,1576,2228
202014,131,86,74,3795,12,14361,48,8037,82,278,2684,62,656,35,507,2311,738,2212,41,43,1096,100,151,4,2,1691,2065
202015,113,93,68,4285,8,12593,53,7486,100,297,3695,95,941,44,527,3178,901,2467,42,58,1041,104,155,1,4,1447,1633
202016,110,86,85,4614,13,10209,60,7448,123,537,4802,122,1008,90,324,3180,1107,2405,54,94,1140,101,128,1,2,1389,1435
202017,95,84,69,4465,19,7811,64,6353,176,601,4751,181,1027,79,304,2895,1224,2324,49,111,1093,65,105,4,6,1188,1224
202018,87,95,46,3689,32,6488,49,5796,205,602,4702,170,1004,84,253,3156,1122,2014,100,108,1111,88,118,0,2,1090,1212
202019,81,108,42,3286,37,5821,42,5178,214,670,5105,175,1065,90,228,2721,1042,1941,128,99,976,80,149,0,0,890,955
202020,65,62,29,2979,30,3999,43,4055,233,932,4920,211,852,77,133,2232,835,1779,173,138,1023,83,127,0,2,763,707
202021,61,78,36,2381,44,2614,35,2570,216,798,4390,212,790,78,103,1917,814,1585,154,128,954,96,114,2,1,682,529
202022,40,63,20,1671,64,1734,36,1938,239,674,4286,236,656,71,49,1646,712,1306,125,107,780,76,88,0,3,536,401
202023,29,37,22,1461,92,1068,29,1586,248,691,3967,211,419,65,31,1265,766,1392,111,82,668,60,75,0,0,487,294
202024,43,26,24,1178,112,931,37,1562,251,616,3249,164,289,81,19,1013,645,1367,84,64,641,65,63,1,0,412,346
202025,30,41,22,1016,80,1068,33,1524,311,651,2845,181,322,87,24,813,767,1369,58,45,639,87,71,2,0,348,335
202026,29,31,15,795,87,702,33,1114,234,631,2040,160,244,80,18,615,735,1286,46,61,431,48,69,2,1,264,288
202027,27,22,12,771,111,509,31,786,287,745,2047,214,154,81,10,592,688,1319,46,39,372,73,70,2,0,240,219
202028,22,12,14,642,111,470,20,764,244,716,1666,235,89,106,7,497,601,962,30,35,317,58,43,3,0,207,202
202029,33,20,17,502,85,380,34,691,202,638,1358,212,36,75,4,474,598,652,39,39,263,36,42,4,2,127,212
202030,40,19,12,452,106,339,17,542,147,588,1022,209,28,52,8,331,521,537,35,28,264,38,46,0,1,136,198
202031,25,16,5,385,78,252,25,511,140,554,726,170,18,42,9,249,462,529,34,36,182,33,29,2,1,119,143
202032,18,16,5,321,80,188,13,405,126,500,547,152,11,57,6,197,434,445,28,25,138,29,30,2,0,126,103
202033,20,20,12,369,66,128,12,392,100,475,475,155,9,49,2,211,379,478,32,23,144,42,24,1,1,159,126
202034,21,20,11,296,63,97,14,293,89,413,386,127,11,38,7,191,321,344,17,24,114,46,18,3,0,117,87
202035,20,24,9,286,45,111,8,294,44,404,349,121,14,19,2,173,256,249,21,18,88,50,15,6,2,98,124
202036,21,16,9,271,46,94,10,320,65,369,321,122,3,28,0,196,210,273,27,11,109,45,13,2,0,109,81
202037,14,13,7,296,32,126,7,331,56,328,267,79,9,29,8,195,169,284,21,14,87,36,8,0,1,106,138
202038,23,10,8,293,40,124,11,299,54,358,259,93,12,25,6,160,175,242,28,17,80,37,4,3,1,116,101
202039,26,14,9,270,30,137,7,337,44,370,227,72,8,26,6,136,136,233,27,17,75,66,14,2,0,101,90
202040,26,13,10,264,41,140,10,316,50,253,221,84,10,22,3,165,117,253,27,9,60,61,10,4,0,98,104
202041,22,12,9,251,28,153,3,295,32,279,218,107,2,18,5,140,111,229,25,4,65,77,5,1,1,83,81
202042,17,14,6,263,20,146,6,276,42,236,183,62,11,19,5,155,100,194,36,11,53,73,12,1,1,57,66
202043,30,16,2,250,17,166,5,296,32,270,191,71,20,21,8,115,100,204,48,8,61,93,6,0,1,84,55
202044,21,16,5,199,9,135,4,212,18,226,168,70,8,16,3,125,80,193,58,9,54,91,11,1,0,78,51
202045,25,28,8,270,12,210,3,254,25,239,161,69,10,20,8,165,93,323,75,6,83,74,12,1,0,68,107
202046,40,24,1,289,10,260,11,306,33,190,172,50,10,17,9,133,95,242,120,11,84,71,12,1,1,84,125
202047,25,33,9,380,8,477,10,281,37,162,182,62,8,19,4,140,113,279,183,17,98,87,21,0,2,81,222
202048,22,28,10,382,8,493,8,318,31,147,207,39,21,8,5,166,80,260,236,7,96,115,30,2,1,89,149
202049,40,40,4,416,14,485,5,316,33,143,173,34,16,19,5,259,92,331,300,13,133,106,41,2,0,114,186
202050,25,34,1,395,10,619,12,397,25,170,160,46,11,15,4,227,96,304,292,11,139,163,50,4,2,121,196
202051,15,24,2,352,4,515,14,424,20,145,148,30,18,19,4,177,87,247,367,10,115,158,55,0,0,87,129
202052,8,15,6,227,6,420,10,342,16,92,103,22,16,10,2,152,45,158,329,5,94,102,35,0,0,83,93
202053,8,2,0,121,1,204,4,138,6,38,41,8,2,3,0,50,11,77,153,0,33,17,11,0,0,31,38
202101,19,55,38,426,4,572,13,1027,28,121,180,50,13,13,13,246,85,471,1173,19,315,191,70,2,11,0,200
202102,26,67,69,497,8,611,5,1189,33,99,247,48,21,16,18,222,86,603,1118,25,338,166,72,2,7,0,250
202103,29,100,67,520,6,771,11,1654,28,140,345,42,30,16,51,214,116,727,1317,21,375,184,86,5,6,0,266
202104,41,97,59,499,4,771,21,2293,31,139,503,43,35,9,34,226,138,806,1143,19,474,172,72,3,8,0,320
202105,36,85,54,663,5,866,27,3305,45,208,650,75,50,14,57,281,196,988,1147,32,517,250,89,2,6,0,439
202106,34,87,42,626,4,950,30,4269,28,210,847,80,51,10,103,282,215,1195,1013,38,459,288,77,4,2,0,555
202107,38,102,59,722,5,1177,57,5185,36,273,1149,103,75,15,129,393,215,1105,1028,42,688,325,106,3,1,0,574
202108,42,90,37,833,2,1290,49,6019,37,239,1045,83,108,14,182,344,227,1083,954,36,574,310,51,2,4,0,580
202109,47,144,27,1004,6,1461,45,7125,32,371,1031,102,168,16,295,444,307,1280,980,47,643,391,88,2,7,0,686
202110,82,145,31,1089,4,1527,69,7112,43,491,1214,100,282,20,334,394,332,1173,752,50,569,328,48,0,8,0,628
202111,92,160,30,1192,4,1691,53,8253,39,422,1353,130,472,17,381,395,301,1401,520,51,558,357,61,2,4,0,661
202112,85,88,21,954,5,1772,64,8602,36,404,1015,103,617,9,537,420,341,1470,331,45,498,333,53,4,5,0,597
202113,145,119,24,895,7,2334,91,11533,30,480,1299,117,1140,6,832,486,396,1650,281,49,518,354,58,5,3,0,648
202114,177,110,21,1067,9,2806,99,12379,56,592,1361,175,1388,31,1060,614,626,2151,222,70,589,304,51,5,6,0,708
202115,132,138,22,865,7,2571,98,10955,83,647,1141,157,1458,26,1167,693,666,1934,187,82,611,307,23,4,4,0,596
202116,111,123,27,806,7,2640,97,11200,103,829,952,206,2254,26,1312,770,854,1875,156,104,617,266,43,5,6,0,573
202117,122,101,41,771,6,2288,98,9219,91,1071,1039,222,2190,30,1554,730,1084,1992,131,100,613,264,39,2,3,0,431
202118,89,91,33,679,5,1687,122,7891,137,1447,1104,287,2013,41,884,774,1290,2029,94,107,630,225,28,1,5,0,332
202119,81,93,25,704,9,1504,129,6366,146,1819,1101,319,1790,42,590,826,1556,1925,104,118,668,229,54,3,5,0,348
202120,125,91,35,556,10,1014,149,4774,169,2179,882,350,1358,75,297,782,1579,1817,67,137,589,189,40,2,4,0,224
202121,85,91,20,488,12,713,125,3772,137,2077,631,460,1331,73,127,716,1655,1543,70,121,605,170,26,5,2,0,155
202122,106,78,20,499,11,534,139,2973,208,2396,614,553,749,109,59,748,1970,1691,42,165,598,162,38,8,8,0,165
202123,82,81,22,458,12,435,149,2682,133,2188,590,568,631,155,49,629,2159,1415,50,138,565,165,28,7,4,0,104
202124,74,62,22,351,17,340,119,1879,116,1854,412,503,415,198,35,517,2080,1187,44,139,494,148,48,3,4,0,92
202125,62,49,16,266,38,213,111,1229,116,1752,284,563,219,229,18,405,1865,1108,20,153,460,138,25,1,8,0,53
202126,55,46,12,229,33,133,98,942,120,1750,284,663,124,281,10,353,1815,842,32,109,372,127,25,0,4,0,42
202127,56,68,17,175,29,131,76,748,123,1594,233,685,61,302,17,239,1739,624,34,115,321,149,17,5,9,0,40
202128,58,32,20,168,35,121,92,619,99,1484,175,646,40,341,12,211,1593,542,22,120,261,105,19,2,5,0,33
202129,51,28,12,156,38,79,85,471,98,1202,131,668,25,349,5,177,1331,533,22,96,262,139,13,5,3,0,38
202130,37,24,15,125,56,58,63,351,94,968,151,507,13,346,4,157,1129,446,22,165,200,100,10,0,6,0,15
202131,33,39,12,105,41,66,78,369,102,942,118,515,18,403,4,148,1083,447,31,153,138,109,12,0,1,0,28
202132,38,41,8,149,33,70,56,339,112,738,86,544,13,292,5,131,865,360,26,148,126,86,9,2,8,0,29
202133,29,36,17,153,24,93,86,345,120,657,88,548,14,349,4,110,755,445,29,120,135,60,15,1,4,0,28
202134,38,33,7,149,18,79,56,331,77,677,86,436,20,293,3,90,532,327,18,90,129,52,6,2,6,0,25
202135,27,23,13,122,40,64,60,276,59,563,61,500,19,311,3,114,415,362,33,57,80,61,4,1,14,0,24
202136,17,22,16,162,31,74,78,313,88,642,72,519,11,320,5,117,423,302,35,53,89,55,6,0,11,0,25
202137,25,34,15,159,27,80,69,359,79,542,68,479,11,268,0,134,361,342,33,31,106,39,5,1,11,0,24
202138,16,24,13,162,21,88,56,320,61,475,77,463,9,273,6,120,334,330,48,33,111,38,9,0,6,0,30
202139,22,36,10,168,18,49,62,306,77,442,92,426,9,290,4,143,289,390,44,32,131,31,7,0,11,0,20
202140,14,18,10,159,11,68,50,290,63,385,44,364,7,189,3,126,191,358,58,34,115,43,7,1,6,0,31
202141,14,23,14,146,18,74,85,330,76,356,65,322,7,210,5,95,205,377,62,18,166,45,12,0,2,0,29
202142,15,34,3,161,20,61,110,325,78,325,54,303,7,265,6,120,207,480,97,6,155,69,15,1,3,0,33
202143,11,34,10,213,24,76,139,316,81,310,74,261,17,172,1,128,209,502,84,15,216,41,15,2,2,0,31
202144,14,62,17,235,66,151,198,380,94,297,109,225,12,182,4,128,255,650,81,16,300,43,36,3,6,0,37
202145,5,69,11,289,86,150,271,500,89,285,151,199,14,149,3,174,220,757,78,19,351,78,33,5,1,0,39
202146,24,173,19,300,69,175,475,599,94,279,160,220,14,108,4,216,178,1167,100,15,465,130,82,4,9,0,47
202147,26,218,19,340,59,228,706,748,122,237,185,204,31,74,8,262,194,1577,82,11,575,120,86,0,3,0,59
202148,31,389,21,410,75,309,1091,1098,90,274,226,186,47,93,9,316,230,2055,164,37,805,112,118,1,2,0,70
202149,28,436,39,426,86,327,1361,1436,97,224,241,198,113,90,16,412,266,2571,195,45,1018,134,126,0,5,0,76
202150,25,255,22,421,79,367,1458,1581,96,253,221,188,158,99,16,483,240,2164,229,38,896,123,86,1,0,0,53
202151,34,113,7,259,28,352,771,1504,59,193,132,142,102,74,20,500,131,1031,101,3,622,83,29,1,0,0,28
202152,2,18,5,50,0,178,205,662,7,22,33,30,54,4,6,232,26,335,3,0,123,6,4,0,0,0,5
202201,24,245,35,585,1,111,1243,1679,53,70,357,124,20,65,25,768,115,4351,156,86,1061,64,253,1,7,0,65
202202,30,290,56,673,9,128,1169,1814,61,78,404,121,30,87,37,808,101,4096,139,131,1073,71,269,1,9,1,90
202203,23,274,56,767,3,171,1051,1896,63,108,370,161,21,82,50,954,102,4930,181,142,1017,55,293,0,4,0,106
202204,37,179,39,776,7,180,1078,1965,49,116,389,191,31,72,76,1224,86,5413,126,142,966,70,255,0,5,0,137
202205,53,279,61,842,5,294,1114,2765,63,139,554,230,66,115,117,1391,170,6849,132,252,1083,87,320,1,4,0,156
202206,68,223,98,928,13,437,971,3305,109,179,570,265,167,97,112,1635,238,7285,166,332,1128,94,329,0,10,0,192
202207,81,217,103,1014,17,753,849,4267,119,231,696,314,322,109,271,1590,384,6998,126,476,1090,119,423,0,8,0,178
202208,82,163,98,1168,14,1390,662,4769,178,203,734,353,531,98,625,1743,450,6333,105,408,956,96,371,0,6,0,216
202209,133,242,177,1807,29,3011,682,8348,263,288,1021,487,1598,135,1603,2125,590,8677,157,496,1269,120,477,0,5,0,379
202210,198,204,227,2268,12,5089,633,11516,343,286,1148,505,3027,139,3287,2586,641,9368,129,819,1281,126,437,0,8,0,483
202211,228,217,211,3138,30,6569,630,14381,502,311,1455,601,3716,124,4445,2908,727,10222,104,1116,1493,150,476,1,10,0,574
202212,301,198,214,4221,28,9904,624,18452,560,418,1665,696,5710,173,6111,3461,774,11390,115,1677,1655,138,478,1,5,0,755
202213,314,165,221,4880,42,11662,683,21483,694,445,1819,806,6651,259,6475,3916,984,11015,69,2135,1759,136,522,0,5,1,867
202214,379,168,233,5489,69,12478,740,24569,909,520,1940,746,7083,359,6199,3911,1351,11113,74,2201,1773,101,470,0,8,0,939
202215,367,167,194,6328,63,14560,731,27108,1177,580,1736,861,7786,477,7550,3952,1413,10479,99,2110,1812,88,514,1,5,0,1099
202216,446,200,251,6403,119,14836,749,27826,1874,771,1922,1127,8417,682,7716,4718,1675,10179,93,2873,1925,110,486,1,4,0,1278
202217,564,179,326,6456,86,14384,730,29820,2175,835,1928,1135,7320,993,6618,4257,1719,10548,83,2821,1808,78,426,1,3,0,1703
202218,713,206,347,6892,140,16806,749,33083,2270,1018,1935,1306,8326,1366,5503,3412,2268,9897,84,2126,1535,94,465,0,4,0,2145
202219,856,204,311,5979,179,12121,707,25417,2253,927,1753,1573,6540,1651,3536,3160,2622,8218,90,1925,1367,103,375,2,7,0,1434
202220,706,158,303,4337,206,7652,636,16388,2772,769,1617,1604,5271,2138,2874,3201,2787,5781,70,1468,1150,83,321,2,5,0,901
202221,624,100,243,2805,225,4560,567,10403,2691,642,1201,1243,3489,2159,1447,2253,2431,4159,51,1059,855,80,277,0,7,0,768
202222,580,101,288,2545,241,3342,513,8853,2877,581,1062,1385,2442,2287,1147,1821,2618,4064,58,1193,756,74,276,5,4,0,817
202223,460,95,211,2061,288,2471,407,7106,2524,596,836,1452,1361,2038,475,1516,2395,3300,34,868,592,58,214,0,4,0,653
202224,301,78,197,1415,263,1879,359,4841,2082,558,620,1245,971,2031,280,1171,2133,2582,30,833,394,66,176,0,6,1,475
202225,280,83,201,1244,246,1493,288,3869,1860,514,554,1226,878,1987,190,1004,1819,2430,27,752,395,45,196,1,4,0,423
202226,236,90,178,894,214,1313,258,3225,1527,407,513,1197,570,1503,193,739,1459,1821,24,648,349,40,166,4,5,0,471
202227,228,62,169,694,273,1063,215,2576,1455,338,409,1036,421,1603,158,504,1135,1389,29,457,278,56,151,1,3,0,437
202228,217,58,168,623,234,889,169,2148,1383,278,397,957,308,1390,134,436,1013,1265,43,352,228,47,163,2,7,0,407
202229,212,66,115,497,224,798,147,1772,1201,327,331,813,202,1163,103,358,981,1090,42,223,196,42,130,0,4,0,308
202230,173,60,112,468,268,658,135,1621,1096,305,282,738,161,877,72,379,970,993,33,126,149,36,128,4,3,0,287
202231,159,57,93,403,231,449,139,1375,1079,315,305,673,134,1035,51,340,1058,913,28,134,164,63,116,2,1,0,320
202232,148,44,96,357,149,334,96,1066,981,348,309,542,81,927,44,355,761,928,16,132,144,37,97,1,3,0,236
202233,117,44,101,295,156,294,97,814,786,298,304,518,84,795,35,331,785,836,19,78,134,36,85,5,2,0,212
202234,103,53,105,280,134,355,80,845,627,273,284,315,75,588,28,338,694,795,11,59,125,26,62,1,5,0,181
202235,90,43,66,239,87,331,74,742,519,288,222,358,63,454,19,384,529,944,8,32,109,46,61,0,2,0,198
202236,89,41,66,286,98,316,41,729,377,251,197,292,57,414,22,426,504,955,15,41,106,58,80,1,2,0,168
202237,93,42,64,330,84,291,66,716,335,219,188,249,59,367,9,415,420,938,17,26,103,144,67,0,8,0,180
202238,77,46,75,311,84,248,61,653,291,171,200,220,53,351,17,416,332,955,15,19,92,149,101,5,3,0,190
202239,96,41,59,294,73,241,73,604,217,195,188,192,53,221,17,485,315,902,20,14,93,245,82,1,3,0,229
202240,100,44,92,348,82,288,55,731,200,193,231,161,24,135,17,426,247,952,16,16,97,256,81,1,5,0,245
202241,106,60,58,417,43,266,47,684,162,205,207,190,46,133,8,435,216,921,31,19,94,250,99,2,5,0,234
202242,106,44,68,465,38,366,47,716,155,229,202,142,45,138,14,469,186,867,38,17,152,196,114,5,4,1,276
202243,104,52,28,467,34,422,55,747,158,162,168,122,25,79,11,365,132,763,43,13,127,161,104,2,1,1,333
202244,87,26,58,357,29,439,47,749,107,65,81,116,24,79,14,236,133,650,35,15,133,147,151,6,1,3,347
202245,92,34,51,322,13,563,54,895,45,41,71,119,37,79,31,319,165,951,40,21,203,129,152,1,3,7,362
202246,77,37,57,330,9,680,74,957,36,24,61,82,46,79,34,356,161,961,30,24,199,117,202,3,2,5,395
202247,58,30,45,407,7,777,97,1131,44,33,61,54,55,62,35,401,143,923,20,28,200,118,278,4,3,8,444
202248,50,29,31,386,8,791,83,1361,24,35,63,56,80,40,58,436,142,926,30,11,192,110,299,2,3,16,239
202249,50,25,34,369,8,933,110,1651,20,24,67,67,131,40,77,532,106,845,12,4,166,87,205,0,2,13,186
202250,63,7,16,370,2,1096,121,2090,18,25,59,34,136,22,94,548,74,682,12,1,173,52,247,0,0,12,119
202251,50,14,8,254,4,939,72,1624,5,26,60,29,165,21,91,439,47,328,13,4,117,44,176,0,2,50,43
202252,109,62,39,764,13,553,54,1321,32,39,194,45,95,19,43,456,65,527,44,15,150,81,302,1,8,362,112
202301,259,144,95,2416,50,440,63,2607,117,68,701,98,61,50,13,692,163,1532,133,58,451,198,810,1,12,1337,531
202302,288,186,78,3153,44,457,89,2811,106,97,818,84,75,55,37,699,127,1554,127,57,503,195,864,2,13,1493,617
202303,373,209,96,4429,43,574,185,3671,118,85,851,90,98,46,19,794,170,1787,155,77,657,198,836,4,19,2253,596
202304,464,191,112,5352,56,742,151,4862,119,90,1083,138,173,35,27,718,226,1598,180,112,642,214,806,2,28,2313,805
202305,593,269,149,8313,75,1050,118,6361,150,111,1281,113,343,51,60,891,240,2097,191,123,755,251,686,4,27,3215,1125
202306,888,242,175,10749,63,1588,143,8269,107,154,1431,138,524,68,122,940,246,2118,196,161,1049,277,777,3,12,4401,1401
202307,650,194,144,11163,38,2332,109,9431,102,133,1142,117,623,54,104,790,274,1869,204,158,1006,180,604,1,11,4541,1665
202308,855,183,198,12774,54,2645,152,10637,138,180,1286,134,806,56,207,883,354,1864,192,201,898,148,590,1,19,5242,1729
202309,1203,208,304,16319,64,4357,139,14223,161,209,1302,169,1629,78,348,875,482,2234,257,274,1051,167,652,1,22,6096,2174
202310,1254,274,339,19620,55,6350,127,17177,161,395,1429,202,2550,74,562,976,577,2320,231,298,1063,143,716,1,17,6575,2701
202311,1516,300,304,22058,75,8200,141,19554,127,407,1375,226,4311,91,960,934,561,2424,288,340,989,125,491,0,18,7073,2631
202312,1983,308,255,24687,63,12578,184,23368,211,389,1406,326,6848,110,1599,1095,614,3044,231,368,1263,119,398,1,14,7201,3141
202313,1926,208,192,25996,81,15598,214,25346,289,429,1230,306,9873,121,2127,1086,581,2970,197,436,1227,122,373,2,11,7397,3257
202314,1792,163,162,25018,59,16812,177,24744,396,362,1145,319,12109,159,2775,921,444,2275,177,363,1221,125,263,2,9,6403,3018
202315,2136,169,200,28930,85,20908,222,26166,489,317,1430,428,13011,163,3423,1207,543,2847,198,375,1480,106,300,1,14,6277,3223
202316,1743,136,206,25888,72,19158,151,22349,464,265,1342,333,13663,146,3891,1097,509,2611,203,397,1410,153,241,2,17,5632,2797
202317,1782,125,151,22025,56,15635,151,18693,324,214,1393,244,12840,127,3228,1032,476,2396,126,376,1200,135,159,2,21,4968,2146
202318,1985,141,150,22246,86,16117,110,18066,323,219,1663,286,12822,147,3741,1092,636,2600,134,357,1361,143,192,2,7,5199,2427
202319,1991,115,121,20156,81,15109,112,16828,233,216,1603,239,12733,137,3206,935,689,2382,87,352,1087,127,138,3,12,4714,2272
202320,1834,112,101,16231,67,11907,142,13732,229,188,1628,231,10460,111,3086,958,666,2105,103,361,994,131,119,1,9,4231,1854
202321,1495,121,69,10976,67,7831,101,8174,216,166,1429,223,7222,126,2354,730,615,1511,77,283,823,89,97,3,5,3489,1316
202322,1368,119,75,8365,119,5781,87,6067,171,152,1602,198,6145,124,1854,745,512,1360,60,257,672,65,71,2,22,3524,1095
202323,1397,97,68,6261,109,4243,60,4292,108,119,1467,173,4641,137,1151,655,475,1077,60,217,607,75,76,1,17,3147,830
202324,1401,109,67,5242,127,2870,64,3507,142,182,1505,158,4080,151,1106,706,514,1077,27,214,493,69,74,2,13,3113,527
202325,1286,77,74,3910,85,1759,44,2320,151,149,1330,158,2525,131,459,589,424,868,41,205,445,78,84,4,15,2874,371
202326,929,79,92,2582,103,1499,34,1773,122,162,1258,134,1919,130,396,438,362,727,29,141,410,90,57,0,18,2233,412
202327,791,58,78,1895,124,1220,35,1267,96,148,1238,140,1638,121,442,466,340,622,27,110,346,103,48,1,17,1887,366
202328,673,49,67,1506,85,878,27,1066,122,186,1328,114,1100,149,254,500,339,616,37,140,274,115,49,5,19,1666,305
202329,583,72,47,1336,105,643,28,862,100,168,1285,96,742,117,124,406,291,577,33,73,235,93,41,1,18,1204,231
202330,478,61,51,1126,72,579,41,768,92,128,881,100,486,112,115,361,253,528,23,74,214,89,29,4,24,1200,154
202331,536,83,44,1027,59,555,30,781,109,200,974,98,464,121,109,445,272,599,32,77,247,57,25,3,43,1088,140
202332,464,75,43,1021,84,508,23,704,95,161,815,99,341,121,113,382,216,567,40,63,181,46,49,8,56,930,157
202333,420,91,43,928,75,489,26,803,65,167,695,75,349,102,76,396,210,689,34,50,174,75,34,21,43,798,111
202334,387,73,28,875,69,488,18,689,83,159,596,76,250,85,44,365,224,627,26,48,157,65,37,11,80,854,76
202335,332,47,31,839,57,378,18,685,73,123,611,84,245,86,49,399,188,683,37,46,130,67,19,23,98,700,77
202336,308,56,24,707,53,354,15,648,72,129,466,75,237,71,18,437,134,676,18,33,131,77,20,4,49,631,59
202337,418,61,24,959,36,459,19,800,74,136,415,77,268,63,42,444,133,820,33,40,124,75,32,18,50,768,72
202338,443,50,34,1048,51,488,16,846,107,129,419,77,258,47,33,395,104,869,52,33,119,73,25,14,46,835,77
202339,386,46,17,1004,38,503,16,827,107,136,355,82,205,62,27,371,88,735,36,16,126,57,34,16,30,856,59
202340,391,35,20,1192,30,557,11,889,98,143,415,88,185,53,39,359,122,860,55,26,136,72,36,2,34,900,50
202341,351,45,24,1204,44,529,14,791,91,136,356,76,176,48,37,252,85,681,54,22,130,55,37,7,23,791,53
202342,451,57,22,1547,37,665,34,1001,97,159,378,111,216,57,34,355,88,816,63,29,163,73,73,1,13,864,99
202343,470,39,8,1730,39,586,13,1040,81,113,331,58,202,47,41,281,86,769,110,25,168,82,60,1,8,790,87
202344,519,37,16,1921,41,676,28,1035,137,134,346,71,211,33,57,365,61,769,138,14,143,62,49,2,34,842,72
202345,734,48,25,2914,58,1027,33,1382,126,162,386,93,287,45,44,503,78,1053,225,24,207,115,47,2,25,1028,73
202346,730,55,21,3016,78,1078,27,1362,124,123,370,80,258,36,40,590,63,951,264,26,175,114,30,4,20,805,79
202347,1094,62,28,4362,82,1397,53,2007,149,157,357,102,483,39,64,944,84,1170,364,26,237,153,32,2,28,944,86
202348,1236,75,35,5006,83,1473,69,2276,104,191,388,93,687,32,82,1255,75,1332,534,25,250,156,37,7,17,914,94
202349,1533,64,11,5472,81,2042,68,2665,131,232,380,95,830,35,103,1671,81,1198,877,30,273,204,35,3,24,931,117
202350,1863,56,17,6086,81,3172,84,3170,139,168,307,67,1071,22,190,2468,64,993,1105,30,226,300,30,9,14,904,112
202351,1513,34,5,4756,43,2582,80,2937,148,100,185,61,961,16,227,2833,26,706,514,24,89,313,10,13,6,831,104
202352,1821,49,13,5562,10,2699,71,3084,61,95,207,54,539,33,203,3680,28,1203,474,25,172,256,22,2,18,609,80
202401,4432,181,53,18361,19,5545,48,7395,135,97,668,55,784,71,344,8565,77,3670,818,88,576,597,89,2,145,29,193
202402,5147,234,82,23289,34,7157,53,9320,122,70,838,97,894,62,451,8713,75,4031,554,137,621,512,99,6,212,1459,269
202403,7409,327,83,35679,21,9853,61,13718,146,95,1058,105,1294,64,765,13135,106,5399,526,97,897,657,154,6,223,2078,383
202404,9524,387,75,54266,25,12069,61,19738,139,126,1550,93,1687,81,1226,19232,148,8373,410,111,1062,429,182,16,210,2567,484
202405,12489,595,124,75435,27,12503,118,23881,164,188,2840,160,2446,129,1644,22583,182,12515,322,203,1302,445,183,10,445,3586,470
202406,17780,681,214,89803,35,15589,129,32307,216,271,4144,157,4474,159,2609,21745,184,14475,206,321,1522,519,232,4,471,4443,571
202407,24277,1071,397,102825,63,20877,131,44975,389,520,5990,328,7205,264,4322,21486,213,16496,162,436,1654,504,289,18,599,6337,820
202408,28482,1172,602,127746,115,25328,174,56898,767,934,10651,655,10568,526,5536,23166,305,18879,175,681,1921,478,552,14,630,8708,808
202409,27774,1243,747,134412,122,27235,232,71633,948,1185,14648,908,13489,587,7110,21990,442,19539,173,675,1801,457,540,7,680,10880,881
202410,25296,1139,768,135296,103,33358,252,85211,1204,1331,16541,1017,15856,543,10051,19205,474,19170,146,817,1569,420,604,11,590,11438,1031
202411,22979,1183,933,136191,102,38947,253,101311,1309,1389,18217,977,19536,565,11808,17170,471,20213,131,848,1687,367,459,18,370,11994,1211
202412,18686,1134,1053,138287,92,44527,286,131757,1175,1428,19414,1025,26824,590,14062,15588,493,19441,85,777,1659,267,353,7,342,11040,1186
202413,12834,947,744,103743,98,42983,232,124266,899,1114,17522,706,27959,455,15549,10347,502,15771,106,616,1315,174,157,6,370,8520,1013
202414,15220,1041,844,106759,131,47183,252,141429,1024,1458,20115,841,30640,524,18827,10614,826,19248,97,814,1902,229,203,9,425,8889,1088
202415,12581,873,772,97286,90,45933,318,156578,901,1185,18026,735,32598,632,21333,9539,890,19706,99,736,1866,168,134,5,321,7381,1167
202416,10197,834,668,76286,70,45158,348,150206,795,1281,16006,659,31375,583,21584,7332,832,19600,120,738,2090,166,151,10,304,6700,953
202417,8244,655,447,60440,80,35458,272,143270,639,1018,12596,447,27037,538,18923,5581,662,17751,90,674,2077,108,126,8,211,5408,928
202418,7996,541,375,55118,63,37950,247,148267,505,936,11063,375,23414,572,15905,4417,666,17278,77,541,2354,102,79,5,198,4792,966
202419,7266,521,311,45496,64,40183,198,159561,504,863,9761,385,24412,575,14125,3696,532,15524,54,601,2347,94,69,7,175,4824,1044
202420,5873,426,216,35092,54,33762,208,149098,397,840,7540,361,21083,650,14415,3192,461,12494,35,673,1823,93,53,19,190,4189,860
202421,4986,341,204,26097,56,21564,164,111943,341,806,5799,298,10493,573,4347,2828,420,9812,38,620,1421,81,32,35,162,3385,486
202422,2957,253,133,15334,59,12512,133,70482,262,670,3859,238,6745,591,3793,2019,346,6750,48,497,830,63,28,26,171,2372,269
202423,2615,334,108,10445,78,7810,78,45667,243,672,2946,247,4970,641,2294,1356,351,5701,28,527,1002,57,32,36,205,2365,229
202424,2149,328,88,7644,68,8434,63,41835,227,643,2245,263,4685,768,2829,886,366,4835,33,430,845,46,34,41,201,2021,324
202425,1728,281,92,5421,51,6874,51,34116,224,715,1599,186,3774,775,2835,586,304,3569,27,313,841,45,32,30,206,1710,245
202426,1409,269,63,3838,48,4288,40,23046,297,575,1372,191,2449,626,1663,299,249,2733,33,201,579,61,27,30,188,1455,141
202427,1187,255,48,2926,46,2680,39,14992,319,596,1259,234,1371,793,846,344,291,2521,32,193,582,79,25,23,292,1276,87
202428,870,233,37,2010,54,1343,19,10192,269,437,1124,194,705,825,357,290,233,1817,25,185,391,76,22,25,257,1001,49
202429,878,199,23,1644,48,1081,15,7720,275,577,983,211,484,721,323,205,184,1421,24,194,256,77,22,12,271,905,40
202430,742,184,27,1127,39,1141,15,6532,202,421,753,192,490,674,283,218,145,1355,17,161,300,67,17,17,231,824,41
202431,685,196,27,1053,39,907,18,5554,228,303,680,202,400,488,252,247,176,1398,26,118,284,74,23,11,296,676,50
202432,570,188,28,864,44,707,10,4468,222,308,595,213,299,454,165,232,184,1072,28,104,226,75,22,26,219,610,28
202433,482,158,24,828,30,527,9,3877,189,297,541,201,226,406,145,259,153,1000,29,77,164,71,15,17,195,550,27
202434,507,191,25,945,42,533,12,3492,154,330,473,162,204,316,124,227,130,908,22,80,146,73,20,13,183,547,30
202435,432,163,27,712,22,417,14,2993,141,246,402,161,115,313,117,196,107,788,20,73,138,93,18,21,133,501,22
202436,521,134,20,827,25,506,11,3327,142,310,385,151,99,258,135,184,92,801,23,58,147,87,7,10,115,526,15
202437,584,164,24,800,22,555,14,3276,127,297,401,132,97,243,136,193,95,825,38,41,116,110,17,8,108,480,21
202438,425,175,24,893,15,500,15,3072,138,321,337,122,112,244,109,181,78,744,31,33,138,75,9,9,111,535,39
202439,403,132,17,855,13,551,4,3114,122,267,314,108,117,185,129,199,90,631,38,26,76,66,7,14,96,553,39
202440,368,128,20,891,25,544,7,3067,90,234,234,107,129,160,119,187,55,656,72,39,98,60,4,9,100,587,27
202441,364,83,14,852,13,489,5,2801,125,231,278,118,139,137,99,179,60,719,76,37,80,87,6,13,74,516,31
202442,333,102,15,842,18,540,7,3149,116,240,310,114,141,120,122,158,64,727,76,43,94,77,13,5,70,649,26
202443,412,114,16,1011,10,600,14,3067,102,247,291,139,143,101,123,203,61,862,88,36,100,92,7,5,56,748,28
202444,387,122,25,1131,11,668,10,3388,140,245,307,125,176,106,134,261,37,969,104,26,113,122,12,6,56,647,36
202445,421,138,20,1339,17,623,14,3411,117,255,331,111,179,90,144,325,46,1089,97,32,132,89,10,5,29,925,41
202446,333,157,24,1539,7,667,13,3854,97,229,306,109,185,77,126,323,53,1218,138,33,173,70,20,4,47,973,31
202447,312,194,24,2002,9,766,29,4798,94,263,366,128,187,64,99,469,83,1611,183,29,226,132,14,2,31,1342,41
202448,377,150,17,2223,11,756,18,5497,115,282,412,111,164,54,155,377,55,1676,193,46,305,96,14,3,22,1640,35
202449,392,185,15,2461,10,776,21,7018,111,207,434,126,282,60,130,422,47,1955,265,25,457,141,23,4,26,2106,39
202450,425,195,21,2610,7,832,30,8911,120,233,451,135,393,65,99,360,32,1772,375,38,561,128,18,4,21,2687,70
202451,329,206,8,2290,4,821,16,9129,133,252,435,100,310,63,95,335,45,1595,417,26,642,102,19,3,26,3252,57
202452,330,179,11,1746,7,849,18,10918,101,166,364,105,379,61,82,288,18,1541,414,24,651,108,7,2,37,2781,92
202501,572,288,24,2377,12,1126,29,19523,64,195,474,92,426,69,145,348,21,1790,468,41,1009,145,30,3,45,1614,139
202502,709,483,42,3276,9,1389,48,24652,87,240,576,100,368,74,193,395,51,2632,497,68,1601,159,26,3,93,1679,205
202503,765,673,66,4262,6,1675,50,28627,90,239,685,143,394,60,214,340,62,2664,503,99,2062,169,30,4,86,1814,249
202504,959,669,82,5448,8,2072,89,34180,124,241,922,189,408,43,249,371,64,3396,586,126,2209,189,34,6,106,1892,272
202505,1238,747,95,5901,13,2278,73,38272,120,274,819,172,397,62,259,375,63,3954,625,143,2003,171,36,8,137,1691,330
202506,1842,862,145,6833,11,2479,81,37042,114,335,972,209,371,83,304,463,68,4176,708,168,1837,175,51,5,131,1518,340
202507,2128,919,174,7573,17,3570,113,42617,144,353,1056,306,401,80,464,394,89,4343,569,228,1809,204,60,9,121,1294,397
202508,1784,757,267,8538,10,4659,85,48231,154,442,1109,364,504,66,657,440,100,4220,602,229,1673,189,38,4,137,1222,432
202509,1240,655,171,7539,14,5159,74,50780,167,313,917,161,515,65,885,365,73,3651,506,226,1152,173,59,10,89,780,455
202510,1372,658,183,7679,11,6260,81,57105,180,321,960,175,700,65,1209,311,97,3623,384,241,1206,216,82,13,82,44,536
202511,1387,650,233,8364,13,7234,81,61184,237,505,1178,226,1012,82,2237,384,145,4054,388,258,1163,266,110,12,69,19,554
202512,1329,668,319,8383,17,7784,98,62483,222,589,1183,202,1177,115,2827,354,182,3788,392,366,1065,174,101,10,78,24,724
202513,1181,574,260,8341,7,8173,64,56692,236,608,1213,201,1342,167,4841,329,208,3822,303,341,1028,206,88,4,65,15,715
202514,1395,580,251,8099,13,8608,92,53714,251,597,1268,209,1889,135,7171,278,220,3957,210,426,939,205,118,10,58,50,697
202515,1417,446,175,7499,19,7429,78,47788,262,564,1127,248,2016,110,7195,254,220,3657,178,444,990,164,85,12,48,15,775
202516,1183,402,109,6353,13,5882,101,39096,252,562,916,273,1850,116,7403,253,210,3670,170,363,865,130,111,20,56,21,626
202517,1254,481,147,7482,29,6365,111,40251,348,635,1307,292,2222,184,9210,313,198,4373,189,435,1029,132,142,17,42,15,636
202518,1117,382,160,6637,23,5191,111,33473,335,499,1158,220,1925,138,7914,316,244,4409,161,403,974,114,116,11,48,9,538
202519,1100,402,165,6556,24,5007,103,30590,283,542,1246,252,1755,147,7713,382,254,4927,140,458,1243,133,119,18,55,22,579
202520,940,381,134,5533,20,4410,132,25050,231,431,1080,200,1708,131,8217,267,271,4489,129,385,1245,101,117,10,69,22,580
202521,798,339,158,4287,27,3878,83,20695,241,450,1113,205,1644,144,7408,255,203,4015,103,361,1189,97,96,11,51,68,617
202522,667,284,107,3133,24,2699,83,15224,167,442,906,176,1089,156,3934,230,157,3046,96,291,867,75,88,15,46,11,478
202523,522,250,162,2868,34,1488,78,10455,172,474,1005,213,823,161,2631,197,142,2872,79,267,850,72,92,18,74,12,331
202524,338,237,89,2120,23,995,52,7114,178,465,787,162,572,192,1523,170,105,2509,57,241,622,59,52,15,31,12,296
202525,281,183,85,1345,30,580,68,4857,153,385,494,138,395,153,726,117,111,2016,73,213,447,61,70,13,42,13,238
202526,255,154,82,1102,31,469,53,4138,229,401,448,135,298,219,406,160,96,1629,61,196,411,51,56,10,38,6,145
202527,201,142,78,914,28,335,44,3141,281,562,506,129,217,276,239,166,130,1341,42,205,350,52,53,7,48,6,150
202528,207,193,74,788,29,300,44,2433,212,544,460,130,202,272,212,122,99,1132,50,166,264,59,51,6,35,3,141
202529,167,163,81,611,15,222,30,2209,256,536,448,122,181,269,197,116,102,1024,42,157,225,62,25,8,34,4,95
202530,165,189,89,624,27,201,26,1831,315,575,449,142,159,242,157,119,113,917,48,134,227,63,34,6,45,6,78
202531,141,201,104,515,23,176,36,1553,304,657,383,117,124,311,125,112,123,837,42,137,217,55,23,5,43,7,63
202532,151,226,98,471,27,153,30,1520,308,703,366,121,103,371,112,120,131,674,37,130,161,42,27,5,47,5,63
202533,161,164,65,499,29,149,48,1402,322,721,355,107,74,448,131,173,127,757,40,117,191,53,21,11,48,11,51
202534,165,185,67,595,39,198,34,1655,326,687,365,142,69,392,137,154,118,904,25,117,119,45,21,7,48,3,67
202535,140,171,49,597,22,195,30,1615,205,665,381,100,78,323,132,173,68,759,40,107,116,58,22,7,27,7,50
202536,150,228,45,671,15,227,25,1771,189,615,333,119,105,260,150,181,93,755,36,100,127,50,19,15,29,3,58
202537,155,218,47,810,20,237,17,2007,239,583,321,117,97,233,135,161,86,732,34,92,148,74,24,9,37,7,62
202538,160,201,42,795,16,311,16,2032,231,581,393,124,159,306,162,154,78,809,40,77,153,83,20,7,35,9,70
202539,129,190,58,861,18,297,13,1976,198,600,309,128,147,324,167,130,85,826,42,59,142,53,25,10,23,6,54
202540,143,162,69,959,30,308,9,2321,182,528,338,124,132,263,209,175,59,944,55,73,170,72,23,12,24,0,57
202541,137,144,82,1015,36,325,20,2058,159,504,289,100,118,194,232,137,64,904,36,67,188,114,21,6,18,3,60
202542,156,173,66,966,19,385,29,2084,129,470,351,131,147,126,233,154,51,921,45,65,150,76,22,6,10,5,38
202543,118,156,58,1022,23,384,37,2164,126,418,258,115,168,163,237,159,51,772,49,56,150,67,21,7,16,4,50
202544,133,143,49,1012,17,444,34,2118,111,383,314,110,150,82,217,169,51,830,50,55,170,60,16,5,5,2,54
202545,125,140,56,1115,18,460,35,2118,107,373,318,85,129,97,201,149,62,785,40,57,184,49,18,8,8,0,94
202546,128,141,37,1204,19,457,45,2246,128,381,331,98,145,121,187,148,49,964,61,45,180,58,13,9,6,2,77
202547,116,119,62,1077,11,470,46,1957,96,290,296,110,121,80,196,136,75,936,55,51,193,52,18,5,3,3,51
202548,114,119,63,1239,14,580,83,2143,89,253,269,97,132,80,252,107,71,1066,61,47,226,56,33,3,2,5,56
202549,137,148,47,1357,16,575,87,2132,88,307,295,96,132,99,260,143,85,1190,69,65,293,56,28,8,6,4,51
202550,109,133,83,1364,13,439,98,1940,60,194,330,92,155,70,252,147,75,1200,70,59,256,38,37,3,4,1,46
202551,89,142,51,1172,11,474,96,1783,79,202,258,84,147,70,227,131,53,1294,86,62,259,44,37,5,5,1,47
202552,98,114,50,1082,11,467,117,1553,61,144,179,59,149,24,187,129,71,1179,42,52,165,35,18,7,4,2,37
202553,123,182,68,1334,37,441,162,1611,70,294,223,83,161,62,190,127,69,1542,66,54,193,62,35,2,16,1,58
202601,148,180,116,1905,21,413,283,1973,80,314,291,68,124,53,284,131,106,2092,103,96,279,55,56,3,35,6,95
202602,147,190,150,2037,24,358,443,2114,98,284,226,70,152,73,294,115,89,2492,93,90,332,60,53,16,32,3,77
202603,154,253,148,1991,30,435,520,2172,135,354,291,80,171,33,271,118,88,3057,81,124,371,52,59,5,20,12,99
202604,155,288,255,2213,27,406,744,2208,120,336,316,72,140,48,300,141,116,3252,97,131,372,59,67,7,14,4,84
202605,198,367,296,2611,24,462,983,2662,128,422,316,93,180,54,363,177,170,3814,121,176,505,88,85,3,21,4,133
202606,173,338,407,2836,21,655,975,3300,137,481,323,101,141,44,340,157,139,3857,84,248,476,115,67,15,7,5,147
202607,311,433,589,3384,24,821,976,4199,223,707,344,163,256,64,363,164,222,4638,121,282,499,112,63,8,18,6,183
202608,428,511,511,3863,48,1254,1099,4579,211,684,334,198,402,48,344,194,323,4708,116,269,524,109,38,17,23,7,274
202609,363,433,355,4061,63,1701,1085,5078,236,565,329,252,771,52,449,333,338,4180,187,280,469,90,21,19,6,8,373
202610,177,66,62,1151,7,876,440,2017,67,139,114,153,354,22,204,126,94,1286,23,125,218,28,1,6,1,0,127
